title,category,pattern_en,pattern_cn,example_en,example_cn,slots,usage_note,difficulty,tag,source_order,source
引出现象,开头引入,"In recent years, there has been a growing tendency for [group] to [action].",近年来，[群体]越来越倾向于[行为]。,"In recent years, there has been a growing tendency for college students to use online learning platforms.",近年来，大学生越来越倾向于使用在线学习平台。,[group]; [action].,适用于六级作文/翻译中的“开头引入”功能。,1,CET6-Writing,1,P10.1.1 curated seed
社会关注,开头引入,[Topic] has aroused widespread concern among the public.,[话题]已经引起公众广泛关注。,Online privacy has aroused widespread concern among the public.,网络隐私已经引起公众广泛关注。,[Topic],适用于六级作文/翻译中的“开头引入”功能。,1,CET6-Writing,2,P10.1.1 curated seed
不可否认,开头引入,There is no denying that [statement].,不可否认，[观点]。,There is no denying that regular reading can improve students' critical thinking.,不可否认，定期阅读能够提升学生的批判性思维。,[statement].,适用于六级作文/翻译中的“开头引入”功能。,1,CET6-Writing,3,P10.1.1 curated seed
普遍认为,开头引入,It is widely acknowledged that [statement].,人们普遍认为，[观点]。,It is widely acknowledged that environmental protection requires joint efforts from individuals and society.,人们普遍认为，环境保护需要个人和社会的共同努力。,[statement].,适用于六级作文/翻译中的“开头引入”功能。,2,CET6-Writing,4,P10.1.1 curated seed
随着发展,开头引入,"With the rapid development of [field], [phenomenon] has become increasingly common.",随着[领域]快速发展，[现象]越来越普遍。,"With the rapid development of artificial intelligence, online education has become increasingly common.",随着人工智能的快速发展，在线教育变得越来越普遍。,"[field],; [phenomenon]",适用于六级作文/翻译中的“开头引入”功能。,2,CET6-Writing,5,P10.1.1 curated seed
当谈及,开头引入,"When it comes to [topic], people hold different views.",当谈到[话题]时，人们观点各异。,"When it comes to part-time jobs, people hold different views.",当谈到兼职工作时，人们观点各异。,"[topic],",适用于六级作文/翻译中的“开头引入”功能。,2,CET6-Writing,6,P10.1.1 curated seed
值得注意,开头引入,It is worth noting that [phenomenon] is no longer rare in modern society.,值得注意的是，[现象]在现代社会已不再罕见。,It is worth noting that food waste is no longer rare on campus.,值得注意的是，校园食品浪费已不再罕见。,[phenomenon],适用于六级作文/翻译中的“开头引入”功能。,2,CET6-Writing,7,P10.1.1 curated seed
问题浮现,开头引入,The issue of [problem] has come into the spotlight.,[问题]已经成为关注焦点。,The issue of excessive screen time has come into the spotlight.,过度使用屏幕的问题已经成为关注焦点。,[problem],适用于六级作文/翻译中的“开头引入”功能。,2,CET6-Writing,8,P10.1.1 curated seed
背景变化,开头引入,"Against the background of [background], [topic] deserves closer attention.",在[背景]下，[话题]值得更密切关注。,"Against the background of rapid urbanization, public transportation deserves closer attention.",在快速城市化的背景下，公共交通值得更密切关注。,"[background],; [topic]",适用于六级作文/翻译中的“开头引入”功能。,3,CET6-Writing,9,P10.1.1 curated seed
引出讨论,开头引入,A heated discussion has been triggered by [event/topic].,[事件/话题]引发了热烈讨论。,A heated discussion has been triggered by the popularity of short videos.,短视频的流行引发了热烈讨论。,[event/topic].,适用于六级作文/翻译中的“开头引入”功能。,3,CET6-Writing,10,P10.1.1 curated seed
我认为,表达观点,"From my perspective, [view].",在我看来，[观点]。,"From my perspective, practical ability is as important as academic knowledge.",在我看来，实践能力和学术知识同样重要。,[view].,适用于六级作文/翻译中的“表达观点”功能。,1,CET6-Writing,11,P10.1.1 curated seed
我倾向于,表达观点,I am inclined to believe that [view].,我倾向于认为，[观点]。,I am inclined to believe that students should develop the habit of independent thinking.,我倾向于认为，学生应该培养独立思考的习惯。,[view].,适用于六级作文/翻译中的“表达观点”功能。,1,CET6-Writing,12,P10.1.1 curated seed
立场明确,表达观点,"My view is that [view], especially when [condition].",我的观点是[观点]，尤其是在[条件]下。,"My view is that digital tools can improve learning efficiency, especially when students use them properly.",我的观点是，数字工具能够提高学习效率，尤其是在学生合理使用它们时。,"[view],; [condition].",适用于六级作文/翻译中的“表达观点”功能。,1,CET6-Writing,13,P10.1.1 curated seed
毫无疑问,表达观点,There is little doubt that [view].,毫无疑问，[观点]。,There is little doubt that teamwork plays an important role in personal growth.,毫无疑问，团队合作在个人成长中发挥着重要作用。,[view].,适用于六级作文/翻译中的“表达观点”功能。,2,CET6-Writing,14,P10.1.1 curated seed
重要性突出,表达观点,The importance of [topic] can never be overemphasized.,[话题]的重要性再怎么强调也不为过。,The importance of mental health can never be overemphasized.,心理健康的重要性再怎么强调也不为过。,[topic],适用于六级作文/翻译中的“表达观点”功能。,2,CET6-Writing,15,P10.1.1 curated seed
平衡看待,表达观点,We should view [topic] in a balanced and rational way.,我们应以平衡理性的方式看待[话题]。,We should view artificial intelligence in a balanced and rational way.,我们应以平衡理性的方式看待人工智能。,[topic],适用于六级作文/翻译中的“表达观点”功能。,2,CET6-Writing,16,P10.1.1 curated seed
支持某观点,表达观点,I fully support the idea that [view].,我完全支持[观点]这一想法。,I fully support the idea that universities should offer more practical courses.,我完全支持大学应开设更多实践课程这一想法。,[view].,适用于六级作文/翻译中的“表达观点”功能。,2,CET6-Writing,17,P10.1.1 curated seed
反对某观点,表达观点,I cannot agree with the view that [opposite view].,我不能同意[相反观点]。,I cannot agree with the view that grades are the only standard of success.,我不能同意成绩是成功唯一标准这一观点。,[opposite view],适用于六级作文/翻译中的“表达观点”功能。,2,CET6-Writing,18,P10.1.1 curated seed
个人选择,表达观点,"For individuals, the wiser choice is to [action].",对个人而言，更明智的选择是[行动]。,"For individuals, the wiser choice is to manage time before pressure becomes overwhelming.",对个人而言，更明智的选择是在压力变得难以承受之前管理好时间。,[action].,适用于六级作文/翻译中的“表达观点”功能。,3,CET6-Writing,19,P10.1.1 curated seed
核心判断,表达观点,"The key point is not [A], but [B].",关键不在于[A]，而在于[B]。,"The key point is not how many apps we use, but how effectively we learn from them.",关键不在于我们使用多少应用，而在于我们能从中多有效地学习。,"[A],; [B].",适用于六级作文/翻译中的“表达观点”功能。,3,CET6-Writing,20,P10.1.1 curated seed
主要原因,原因分析,The primary reason is that [reason].,主要原因是[原因]。,The primary reason is that many students lack effective time management skills.,主要原因是许多学生缺乏有效的时间管理能力。,[reason].,适用于六级作文/翻译中的“原因分析”功能。,1,CET6-Writing,21,P10.1.1 curated seed
另一个原因,原因分析,Another contributing factor is that [reason].,另一个促成因素是[原因]。,Another contributing factor is that social media often distracts young people from deep reading.,另一个促成因素是社交媒体常常使年轻人无法进行深度阅读。,[reason].,适用于六级作文/翻译中的“原因分析”功能。,1,CET6-Writing,22,P10.1.1 curated seed
归因于,原因分析,This phenomenon can be attributed to [reason].,这一现象可归因于[原因]。,This phenomenon can be attributed to the increasing pressure of modern life.,这一现象可归因于现代生活压力的增加。,[reason].,适用于六级作文/翻译中的“原因分析”功能。,1,CET6-Writing,23,P10.1.1 curated seed
部分因为,原因分析,This is partly because [reason].,这部分是因为[原因]。,This is partly because online resources are more accessible than ever before.,这部分是因为在线资源比以往任何时候都更容易获取。,[reason].,适用于六级作文/翻译中的“原因分析”功能。,2,CET6-Writing,24,P10.1.1 curated seed
深层原因,原因分析,A deeper reason lies in [deeper reason].,更深层的原因在于[深层原因]。,A deeper reason lies in the lack of long-term planning among some students.,更深层的原因在于一些学生缺乏长期规划。,[deeper reason],适用于六级作文/翻译中的“原因分析”功能。,2,CET6-Writing,25,P10.1.1 curated seed
直接导致,原因分析,One direct cause of [result] is [cause].,[结果]的一个直接原因是[原因]。,One direct cause of poor sleep quality is excessive smartphone use before bedtime.,睡眠质量差的一个直接原因是睡前过度使用智能手机。,[result]; [cause].,适用于六级作文/翻译中的“原因分析”功能。,2,CET6-Writing,26,P10.1.1 curated seed
环境因素,原因分析,External factors such as [factor] also play a role.,[因素]等外部因素也发挥作用。,External factors such as family environment also play a role.,家庭环境等外部因素也发挥作用。,[factor],适用于六级作文/翻译中的“原因分析”功能。,2,CET6-Writing,27,P10.1.1 curated seed
个人因素,原因分析,"Personal factors, including [factor], should not be ignored.",包括[因素]在内的个人因素不应被忽视。,"Personal factors, including self-discipline, should not be ignored.",包括自律在内的个人因素不应被忽视。,"[factor],",适用于六级作文/翻译中的“原因分析”功能。,2,CET6-Writing,28,P10.1.1 curated seed
双重原因,原因分析,Both [reason A] and [reason B] account for this trend.,[原因A]和[原因B]共同解释了这一趋势。,Both peer pressure and academic competition account for this trend.,同伴压力和学业竞争共同解释了这一趋势。,[reason A]; [reason B],适用于六级作文/翻译中的“原因分析”功能。,3,CET6-Writing,29,P10.1.1 curated seed
根本问题,原因分析,At the root of the problem is [root cause].,问题的根源在于[根本原因]。,At the root of the problem is the imbalance between work and rest.,问题的根源在于工作与休息之间的不平衡。,[root cause],适用于六级作文/翻译中的“原因分析”功能。,3,CET6-Writing,30,P10.1.1 curated seed
例如,举例说明,"For example, [example].",例如，[例子]。,"For example, many universities encourage students to join volunteer programs.",例如，许多大学鼓励学生参加志愿服务项目。,[example].,适用于六级作文/翻译中的“举例说明”功能。,1,CET6-Writing,31,P10.1.1 curated seed
一个例子,举例说明,A case in point is [example].,一个恰当的例子是[例子]。,A case in point is the growing use of digital libraries on campus.,一个典型例子是校园数字图书馆的使用日益增加。,[example].,适用于六级作文/翻译中的“举例说明”功能。,1,CET6-Writing,32,P10.1.1 curated seed
以某事为例,举例说明,Take [example] as an example.,以[例子]为例。,Take shared bicycles as an example.,以共享单车为例。,[example],适用于六级作文/翻译中的“举例说明”功能。,1,CET6-Writing,33,P10.1.1 curated seed
事实证明,举例说明,Facts show that [example/result].,事实表明，[例子/结果]。,Facts show that regular exercise can reduce stress and improve concentration.,事实证明，规律运动可以减轻压力并提高专注力。,[example/result].,适用于六级作文/翻译中的“举例说明”功能。,2,CET6-Writing,34,P10.1.1 curated seed
调查显示,举例说明,A recent survey indicates that [finding].,最近一项调查显示，[发现]。,A recent survey indicates that more students prefer flexible learning schedules.,最近一项调查显示，更多学生偏好灵活的学习安排。,[finding].,适用于六级作文/翻译中的“举例说明”功能。,2,CET6-Writing,35,P10.1.1 curated seed
生活例子,举例说明,This can be seen in [daily example].,这一点可以从[日常例子]中看出。,This can be seen in the way people use mobile payment in daily life.,这一点可以从人们在日常生活中使用移动支付的方式中看出。,[daily,适用于六级作文/翻译中的“举例说明”功能。,2,CET6-Writing,36,P10.1.1 curated seed
校园例子,举例说明,"On campus, [example] is a typical illustration.",在校园里，[例子]就是典型说明。,"On campus, the popularity of study groups is a typical illustration.",在校园里，学习小组的流行就是一个典型例证。,[example],适用于六级作文/翻译中的“举例说明”功能。,2,CET6-Writing,37,P10.1.1 curated seed
个人经历,举例说明,My own experience also proves that [point].,我的个人经历也证明[观点]。,My own experience also proves that planning ahead can reduce anxiety.,我自己的经历也证明，提前规划可以减少焦虑。,[point].,适用于六级作文/翻译中的“举例说明”功能。,2,CET6-Writing,38,P10.1.1 curated seed
典型表现,举例说明,A typical example is that [example].,一个典型表现是[例子]。,A typical example is that students often use apps to record vocabulary progress.,一个典型表现是，学生经常使用应用记录单词学习进度。,[example].,适用于六级作文/翻译中的“举例说明”功能。,3,CET6-Writing,39,P10.1.1 curated seed
具体来说,举例说明,"To be specific, [detail].",具体来说，[细节]。,"To be specific, libraries can extend opening hours during exam weeks.",具体来说，图书馆可以在考试周延长开放时间。,[detail].,适用于六级作文/翻译中的“举例说明”功能。,3,CET6-Writing,40,P10.1.1 curated seed
然而,对比转折,"However, [contrast].",然而，[转折内容]。,"However, excessive dependence on smartphones may weaken face-to-face communication.",然而，过度依赖智能手机可能削弱面对面交流。,[contrast].,适用于六级作文/翻译中的“对比转折”功能。,1,CET6-Writing,41,P10.1.1 curated seed
相反,对比转折,"By contrast, [opposite situation].",相比之下，[相反情况]。,"By contrast, traditional reading encourages patience and deep thinking.",相反，传统阅读鼓励耐心和深入思考。,[opposite,适用于六级作文/翻译中的“对比转折”功能。,1,CET6-Writing,42,P10.1.1 curated seed
一方面另一方面,对比转折,"On the one hand, [A]. On the other hand, [B].",一方面[A]；另一方面[B]。,"On the one hand, online learning is convenient. On the other hand, it requires strong self-discipline.",一方面，在线学习很方便；另一方面，它需要很强的自律能力。,[A].; [B].,适用于六级作文/翻译中的“对比转折”功能。,1,CET6-Writing,43,P10.1.1 curated seed
尽管如此,对比转折,"Nevertheless, [contrast].",尽管如此，[转折内容]。,"Nevertheless, technology itself should not be blamed for every problem.",尽管如此，技术本身不应为所有问题负责。,[contrast].,适用于六级作文/翻译中的“对比转折”功能。,2,CET6-Writing,44,P10.1.1 curated seed
虽然但是,对比转折,"Although [concession], [main point].",虽然[让步]，但是[主要观点]。,"Although competition can motivate students, excessive pressure may harm their health.",虽然竞争能够激励学生，但过度压力可能损害他们的健康。,"[concession],; [main",适用于六级作文/翻译中的“对比转折”功能。,2,CET6-Writing,45,P10.1.1 curated seed
并非而是,对比转折,"[Topic] is not merely [A]; rather, it is [B].",[话题]不仅仅是[A]，更是[B]。,"Education is not merely the accumulation of knowledge; rather, it is the development of judgment.",教育不仅仅是知识的积累，而是判断力的发展。,[Topic]; [A];; [B].,适用于六级作文/翻译中的“对比转折”功能。,2,CET6-Writing,46,P10.1.1 curated seed
不同于,对比转折,"Unlike [A], [B] tends to [feature].",不同于[A]，[B]往往[特点]。,"Unlike passive entertainment, reading tends to train concentration.",不同于被动娱乐，阅读往往能训练专注力。,"[A],; [B]; [feature].",适用于六级作文/翻译中的“对比转折”功能。,2,CET6-Writing,47,P10.1.1 curated seed
不能忽视,对比转折,This does not mean that we should ignore [opposite factor].,这并不意味着我们应该忽视[相反因素]。,This does not mean that we should ignore the value of traditional classrooms.,这并不意味着我们应忽视传统课堂的价值。,[opposite,适用于六级作文/翻译中的“对比转折”功能。,2,CET6-Writing,48,P10.1.1 curated seed
优势局限,对比转折,"While [A] has advantages, its limitations are also obvious.",虽然[A]有优势，但其局限也很明显。,"While online shopping has advantages, its limitations are also obvious.",虽然网购有其优势，但它的局限也很明显。,[A],适用于六级作文/翻译中的“对比转折”功能。,3,CET6-Writing,49,P10.1.1 curated seed
更重要的是,对比转折,"More importantly, [stronger point].",更重要的是，[更强观点]。,"More importantly, students should learn to evaluate information critically.",更重要的是，学生应学会批判性地评估信息。,[stronger,适用于六级作文/翻译中的“对比转折”功能。,3,CET6-Writing,50,P10.1.1 curated seed
此外,递进补充,"In addition, [additional point].",此外，[补充观点]。,"In addition, regular feedback can help students adjust their learning methods.",此外，定期反馈能够帮助学生调整学习方法。,[additional,适用于六级作文/翻译中的“递进补充”功能。,1,CET6-Writing,51,P10.1.1 curated seed
而且,递进补充,"Moreover, [additional point].",而且，[补充观点]。,"Moreover, cultural exchange can deepen mutual understanding.",而且，文化交流能够加深相互理解。,[additional,适用于六级作文/翻译中的“递进补充”功能。,1,CET6-Writing,52,P10.1.1 curated seed
同样重要,递进补充,Equally important is [factor].,同样重要的是[因素]。,Equally important is the ability to cooperate with others.,同样重要的是与他人合作的能力。,[factor].,适用于六级作文/翻译中的“递进补充”功能。,1,CET6-Writing,53,P10.1.1 curated seed
更进一步,递进补充,"Furthermore, [additional point].",进一步说，[补充观点]。,"Furthermore, public libraries can provide equal access to knowledge.",更进一步，公共图书馆能够提供平等获取知识的机会。,[additional,适用于六级作文/翻译中的“递进补充”功能。,2,CET6-Writing,54,P10.1.1 curated seed
不仅而且,递进补充,"Not only does [A] [effect A], but it also [effect B].",[A]不仅[作用A]，而且[作用B]。,"Not only does exercise strengthen the body, but it also improves mood.",运动不仅能强健身体，也能改善情绪。,[A]; [effect; [effect,适用于六级作文/翻译中的“递进补充”功能。,2,CET6-Writing,55,P10.1.1 curated seed
除此之外,递进补充,"Apart from [A], [B] also deserves attention.",除了[A]之外，[B]也值得关注。,"Apart from academic knowledge, communication skills also deserve attention.",除了学术知识，沟通能力也值得关注。,"[A],; [B]",适用于六级作文/翻译中的“递进补充”功能。,2,CET6-Writing,56,P10.1.1 curated seed
还应注意,递进补充,It should also be noted that [point].,还应注意的是，[观点]。,It should also be noted that privacy protection requires legal support.,还应注意，隐私保护需要法律支持。,[point].,适用于六级作文/翻译中的“递进补充”功能。,2,CET6-Writing,57,P10.1.1 curated seed
进一步影响,递进补充,"Beyond that, [point].",除此以外，[观点]。,"Beyond that, good habits can influence a person's long-term development.",除此之外，良好习惯会影响一个人的长期发展。,[point].,适用于六级作文/翻译中的“递进补充”功能。,2,CET6-Writing,58,P10.1.1 curated seed
从长远看,递进补充,"In the long run, [long-term effect].",从长远看，[长期影响]。,"In the long run, lifelong learning will improve one's adaptability.",从长远看，终身学习会提高一个人的适应能力。,[long-term,适用于六级作文/翻译中的“递进补充”功能。,3,CET6-Writing,59,P10.1.1 curated seed
更不用说,递进补充,Not to mention [additional factor].,更不用说[补充因素]。,Not to mention the financial pressure faced by many families.,更不用说许多家庭所面临的经济压力。,[additional,适用于六级作文/翻译中的“递进补充”功能。,3,CET6-Writing,60,P10.1.1 curated seed
因此,结果影响,"Therefore, [result].",因此，[结果]。,"Therefore, students should learn to use digital tools wisely.",因此，学生应该学会明智地使用数字工具。,[result].,适用于六级作文/翻译中的“结果影响”功能。,1,CET6-Writing,61,P10.1.1 curated seed
结果是,结果影响,"As a result, [result].",结果是，[结果]。,"As a result, many young people find it difficult to concentrate for a long time.",结果是，许多年轻人发现自己很难长时间集中注意力。,[result].,适用于六级作文/翻译中的“结果影响”功能。,1,CET6-Writing,62,P10.1.1 curated seed
导致,结果影响,[Cause] may lead to [result].,[原因]可能导致[结果]。,Lack of exercise may lead to physical and mental health problems.,缺乏锻炼可能导致身心健康问题。,[Cause]; [result].,适用于六级作文/翻译中的“结果影响”功能。,1,CET6-Writing,63,P10.1.1 curated seed
产生影响,结果影响,[Factor] has a profound impact on [target].,[因素]对[对象]有深远影响。,Family education has a profound impact on children's values.,家庭教育对孩子的价值观有深远影响。,[Factor]; [target].,适用于六级作文/翻译中的“结果影响”功能。,2,CET6-Writing,64,P10.1.1 curated seed
积极影响,结果影响,[Action] can bring about positive changes in [area].,[行动]能给[领域]带来积极变化。,Volunteering can bring about positive changes in students' sense of responsibility.,志愿服务能够给学生的责任感带来积极变化。,[Action]; [area].,适用于六级作文/翻译中的“结果影响”功能。,2,CET6-Writing,65,P10.1.1 curated seed
负面影响,结果影响,"If left unchecked, [problem] may give rise to [negative result].",如果不加控制，[问题]可能引发[负面结果]。,"If left unchecked, food waste may give rise to serious environmental problems.",如果不加控制，食物浪费可能引发严重的环境问题。,[problem]; [negative,适用于六级作文/翻译中的“结果影响”功能。,2,CET6-Writing,66,P10.1.1 curated seed
长期结果,结果影响,The long-term consequence is that [result].,长期后果是[结果]。,The long-term consequence is that students may lose the ability to think independently.,长期结果是，学生可能失去独立思考的能力。,[result].,适用于六级作文/翻译中的“结果影响”功能。,2,CET6-Writing,67,P10.1.1 curated seed
促进,结果影响,[Action] will contribute to [positive result].,[行动]将有助于[积极结果]。,Reading will contribute to a deeper understanding of society.,阅读将有助于更深入地理解社会。,[Action]; [positive,适用于六级作文/翻译中的“结果影响”功能。,2,CET6-Writing,68,P10.1.1 curated seed
损害,结果影响,[Problem] may undermine [value/system].,[问题]可能损害[价值/系统]。,Academic dishonesty may undermine trust in the education system.,学术不诚信可能损害人们对教育体系的信任。,[Problem]; [value/system].,适用于六级作文/翻译中的“结果影响”功能。,3,CET6-Writing,69,P10.1.1 curated seed
改善,结果影响,[Measure] can improve [situation] to a large extent.,[措施]能在很大程度上改善[情况]。,A reasonable schedule can improve study efficiency to a large extent.,合理的时间表能在很大程度上提高学习效率。,[Measure]; [situation],适用于六级作文/翻译中的“结果影响”功能。,3,CET6-Writing,70,P10.1.1 curated seed
采取措施,解决措施,Effective measures should be taken to [goal].,应采取有效措施来[目标]。,Effective measures should be taken to reduce food waste on campus.,应采取有效措施减少校园食品浪费。,[goal].,适用于六级作文/翻译中的“解决措施”功能。,1,CET6-Writing,71,P10.1.1 curated seed
政府措施,解决措施,The government should [action] in order to [goal].,政府应[行动]以便[目标]。,The government should improve public transportation in order to reduce traffic pressure.,政府应改善公共交通，以减轻交通压力。,[action]; [goal].,适用于六级作文/翻译中的“解决措施”功能。,1,CET6-Writing,72,P10.1.1 curated seed
学校措施,解决措施,Universities are supposed to [action].,大学应该[行动]。,Universities are supposed to provide more mental health services.,大学应该提供更多心理健康服务。,[action].,适用于六级作文/翻译中的“解决措施”功能。,1,CET6-Writing,73,P10.1.1 curated seed
个人措施,解决措施,Individuals should make conscious efforts to [action].,个人应有意识地努力[行动]。,Individuals should make conscious efforts to protect personal information online.,个人应有意识地努力保护网络个人信息。,[action].,适用于六级作文/翻译中的“解决措施”功能。,2,CET6-Writing,74,P10.1.1 curated seed
共同努力,解决措施,Only through joint efforts can we [goal].,只有通过共同努力，我们才能[目标]。,Only through joint efforts can we build a more inclusive society.,只有通过共同努力，我们才能建设一个更加包容的社会。,[goal].,适用于六级作文/翻译中的“解决措施”功能。,2,CET6-Writing,75,P10.1.1 curated seed
加强意识,解决措施,It is necessary to raise people’s awareness of [issue].,有必要提高人们对[问题]的意识。,It is necessary to raise people's awareness of environmental protection.,有必要提高人们的环保意识。,[issue].,适用于六级作文/翻译中的“解决措施”功能。,2,CET6-Writing,76,P10.1.1 curated seed
制定规则,解决措施,Clear rules should be established to [goal].,应建立明确规则来[目标]。,Clear rules should be established to prevent academic cheating.,应制定明确规则以防止学术作弊。,[goal].,适用于六级作文/翻译中的“解决措施”功能。,2,CET6-Writing,77,P10.1.1 curated seed
鼓励参与,解决措施,More people should be encouraged to [action].,应鼓励更多人[行动]。,More people should be encouraged to take part in community service.,应鼓励更多人参与社区服务。,[action].,适用于六级作文/翻译中的“解决措施”功能。,2,CET6-Writing,78,P10.1.1 curated seed
提升能力,解决措施,Students need to improve their ability to [action].,学生需要提高[行动]的能力。,Students need to improve their ability to manage time effectively.,学生需要提升有效管理时间的能力。,[action].,适用于六级作文/翻译中的“解决措施”功能。,3,CET6-Writing,79,P10.1.1 curated seed
具体建议,解决措施,A practical solution is to [action].,一个实际可行的解决办法是[行动]。,A practical solution is to set aside a fixed period for deep reading every day.,一个实际的解决办法是每天留出固定时间进行深度阅读。,[action].,适用于六级作文/翻译中的“解决措施”功能。,3,CET6-Writing,80,P10.1.1 curated seed
总之,总结升华,"In conclusion, [summary].",总之，[总结]。,"In conclusion, reading plays an irreplaceable role in personal growth.",总之，阅读在个人成长中发挥着不可替代的作用。,[summary].,适用于六级作文/翻译中的“总结升华”功能。,1,CET6-Writing,81,P10.1.1 curated seed
概括来说,总结升华,"To sum up, [summary].",概括来说，[总结]。,"To sum up, technology should serve people rather than control them.",概括来说，技术应服务于人，而不是控制人。,[summary].,适用于六级作文/翻译中的“总结升华”功能。,1,CET6-Writing,82,P10.1.1 curated seed
只有这样,总结升华,Only in this way can we [goal].,只有这样，我们才能[目标]。,Only in this way can we make real progress in environmental protection.,只有这样，我们才能在环境保护方面取得真正进展。,[goal].,适用于六级作文/翻译中的“总结升华”功能。,1,CET6-Writing,83,P10.1.1 curated seed
展望未来,总结升华,"Looking ahead, [future expectation].",展望未来，[未来期待]。,"Looking ahead, online education will become more personalized and flexible.",展望未来，在线教育将变得更加个性化和灵活。,[future,适用于六级作文/翻译中的“总结升华”功能。,2,CET6-Writing,84,P10.1.1 curated seed
呼吁行动,总结升华,It is time for us to [action].,现在是我们[行动]的时候了。,It is time for us to pay more attention to mental health.,现在是我们更加关注心理健康的时候了。,[action].,适用于六级作文/翻译中的“总结升华”功能。,2,CET6-Writing,85,P10.1.1 curated seed
强调价值,总结升华,What truly matters is [value].,真正重要的是[价值]。,What truly matters is the courage to keep learning.,真正重要的是持续学习的勇气。,[value].,适用于六级作文/翻译中的“总结升华”功能。,2,CET6-Writing,86,P10.1.1 curated seed
长期意义,总结升华,The significance of [topic] goes far beyond [surface].,[话题]的意义远不止[表面层面]。,The significance of volunteer work goes far beyond helping others.,志愿服务的意义远不止帮助他人。,[topic]; [surface].,适用于六级作文/翻译中的“总结升华”功能。,2,CET6-Writing,87,P10.1.1 curated seed
保持平衡,总结升华,A balanced approach is the key to [goal].,平衡的方法是实现[目标]的关键。,A balanced approach is the key to using smartphones properly.,平衡的方法是正确使用智能手机的关键。,[goal].,适用于六级作文/翻译中的“总结升华”功能。,2,CET6-Writing,88,P10.1.1 curated seed
个人成长,总结升华,"Ultimately, [topic] is about [deeper meaning].",归根结底，[话题]关乎[更深意义]。,"Ultimately, education is about becoming a responsible and thoughtful person.",归根结底，教育关乎成为一个有责任感且善于思考的人。,[topic]; [deeper,适用于六级作文/翻译中的“总结升华”功能。,3,CET6-Writing,89,P10.1.1 curated seed
共同未来,总结升华,The future of [topic] depends on [condition].,[话题]的未来取决于[条件]。,The future of cultural exchange depends on openness and mutual respect.,文化交流的未来取决于开放和相互尊重。,[topic]; [condition].,适用于六级作文/翻译中的“总结升华”功能。,3,CET6-Writing,90,P10.1.1 curated seed
图表显示,图表描述,"As is shown in the chart, [trend/data].",如图表所示，[趋势/数据]。,"As is shown in the chart, online learning has increased steadily.",如图表所示，在线学习稳步增长。,[trend/data].,适用于六级作文/翻译中的“图表描述”功能。,1,CET6-Writing,91,P10.1.1 curated seed
明显趋势,图表描述,The chart clearly reveals a trend that [trend].,图表清楚显示出[趋势]。,The chart clearly reveals a trend that more students choose digital reading.,图表清楚显示出越来越多学生选择数字阅读的趋势。,[trend].,适用于六级作文/翻译中的“图表描述”功能。,1,CET6-Writing,92,P10.1.1 curated seed
数据上升,图表描述,The figure rose from [number A] to [number B].,该数据从[数字A]上升到[数字B]。,The figure rose from 35% to 68% within five years.,该数字在五年内从35%上升到68%。,[number; [number,适用于六级作文/翻译中的“图表描述”功能。,1,CET6-Writing,93,P10.1.1 curated seed
数据下降,图表描述,The figure dropped from [number A] to [number B].,该数据从[数字A]下降到[数字B]。,The figure dropped from 60% to 42% after new rules were introduced.,新规则实施后，该数字从60%下降到42%。,[number; [number,适用于六级作文/翻译中的“图表描述”功能。,2,CET6-Writing,94,P10.1.1 curated seed
占比最大,图表描述,[Item] accounts for the largest proportion.,[项目]占比最大。,Online courses account for the largest proportion.,在线课程占比最大。,[Item],适用于六级作文/翻译中的“图表描述”功能。,2,CET6-Writing,95,P10.1.1 curated seed
相比之下,图表描述,"By comparison, [item] takes up only [percentage].",相比之下，[项目]仅占[比例]。,"By comparison, printed newspapers take up only 12%.",相比之下，纸质报纸仅占12%。,[item]; [percentage].,适用于六级作文/翻译中的“图表描述”功能。,2,CET6-Writing,96,P10.1.1 curated seed
稳定增长,图表描述,There was a steady increase in [item].,[项目]出现稳定增长。,There was a steady increase in the number of students joining volunteer programs.,参加志愿服务项目的学生人数稳步增长。,[item].,适用于六级作文/翻译中的“图表描述”功能。,2,CET6-Writing,97,P10.1.1 curated seed
显著变化,图表描述,A significant change can be observed in [item].,[项目]可观察到显著变化。,A significant change can be observed in students' reading habits.,学生的阅读习惯出现了显著变化。,[item].,适用于六级作文/翻译中的“图表描述”功能。,2,CET6-Writing,98,P10.1.1 curated seed
原因解释,图表描述,This change may be explained by [reason].,这一变化可由[原因]解释。,This change may be explained by the convenience of mobile devices.,这一变化可以用移动设备的便利性来解释。,[reason].,适用于六级作文/翻译中的“图表描述”功能。,3,CET6-Writing,99,P10.1.1 curated seed
总结图表,图表描述,"Overall, the chart suggests that [conclusion].",总体来看，图表表明[结论]。,"Overall, the chart suggests that digital learning is becoming a mainstream choice.",总体来看，图表表明数字学习正在成为主流选择。,[conclusion].,适用于六级作文/翻译中的“图表描述”功能。,3,CET6-Writing,100,P10.1.1 curated seed
写信目的,书信表达,I am writing to [purpose].,我写信是为了[目的]。,I am writing to apply for the position of volunteer.,我写信是为了申请志愿者职位。,[purpose].,适用于六级作文/翻译中的“书信表达”功能。,1,CET6-Writing,101,P10.1.1 curated seed
表达感谢,书信表达,I would like to express my sincere gratitude for [thing].,我想对[事情]表达真诚感谢。,I would like to express my sincere gratitude for your generous help.,我想对你的慷慨帮助表达真诚感谢。,[thing].,适用于六级作文/翻译中的“书信表达”功能。,1,CET6-Writing,102,P10.1.1 curated seed
提出建议,书信表达,I would like to offer some suggestions concerning [issue].,关于[问题]，我想提出一些建议。,I would like to offer some suggestions concerning campus recycling.,我想就校园回收问题提出一些建议。,[issue].,适用于六级作文/翻译中的“书信表达”功能。,1,CET6-Writing,103,P10.1.1 curated seed
表达歉意,书信表达,I sincerely apologize for [problem].,我真诚地为[问题]道歉。,I sincerely apologize for the delay in replying to your email.,我真诚地为回复邮件的延迟道歉。,[problem].,适用于六级作文/翻译中的“书信表达”功能。,2,CET6-Writing,104,P10.1.1 curated seed
投诉开头,书信表达,I am writing to complain about [problem].,我写信是为了投诉[问题]。,I am writing to complain about the poor service of the online store.,我写信是为了投诉这家网店糟糕的服务。,[problem].,适用于六级作文/翻译中的“书信表达”功能。,2,CET6-Writing,105,P10.1.1 curated seed
询问信息,书信表达,I would appreciate it if you could provide me with more information about [topic].,如果您能提供更多关于[话题]的信息，我将不胜感激。,I would appreciate it if you could provide me with more information about the summer program.,如果你能提供更多关于暑期项目的信息，我将不胜感激。,[topic].,适用于六级作文/翻译中的“书信表达”功能。,2,CET6-Writing,106,P10.1.1 curated seed
期待回复,书信表达,I am looking forward to your early reply.,期待您的早日回复。,I am looking forward to your early reply.,我期待你的早日回复。,无,适用于六级作文/翻译中的“书信表达”功能。,2,CET6-Writing,107,P10.1.1 curated seed
给予帮助,书信表达,Please do not hesitate to contact me if you need any further information.,如需更多信息，请随时联系我。,Please do not hesitate to contact me if you need any further information.,如果你需要更多信息，请随时联系我。,无,适用于六级作文/翻译中的“书信表达”功能。,2,CET6-Writing,108,P10.1.1 curated seed
申请优势,书信表达,I believe I am qualified for [position] because [reason].,我相信我能胜任[职位]，因为[原因]。,I believe I am qualified for this position because I have relevant volunteer experience.,我认为我能胜任这个职位，因为我有相关志愿服务经验。,[position]; [reason].,适用于六级作文/翻译中的“书信表达”功能。,3,CET6-Writing,109,P10.1.1 curated seed
再次感谢,书信表达,"Once again, thank you for [thing].",再次感谢您[事情]。,"Once again, thank you for your patience and support.",再次感谢你的耐心和支持。,[thing].,适用于六级作文/翻译中的“书信表达”功能。,3,CET6-Writing,110,P10.1.1 curated seed
俗话说,名言引用,"As the saying goes, “[quote].”",俗话说：“[名言]。”,"As the saying goes, “Practice makes perfect.”",俗话说：“熟能生巧。”,“[quote].”,适用于六级作文/翻译中的“名言引用”功能。,1,CET6-Writing,111,P10.1.1 curated seed
正如名言,名言引用,"As a famous saying puts it, “[quote].”",正如一句名言所说：“[名言]。”,"As a famous saying puts it, “Where there is a will, there is a way.”",正如一句名言所说：“有志者事竟成。”,“[quote].”,适用于六级作文/翻译中的“名言引用”功能。,1,CET6-Writing,112,P10.1.1 curated seed
名言启示,名言引用,This saying reminds us that [lesson].,这句话提醒我们[启示]。,This saying reminds us that persistence is essential to success.,这句格言提醒我们，坚持对于成功至关重要。,[lesson].,适用于六级作文/翻译中的“名言引用”功能。,1,CET6-Writing,113,P10.1.1 curated seed
连接主题,名言引用,The wisdom behind this saying is closely related to [topic].,这句名言背后的智慧与[话题]密切相关。,The wisdom behind this saying is closely related to lifelong learning.,这句格言背后的智慧与终身学习密切相关。,[topic].,适用于六级作文/翻译中的“名言引用”功能。,2,CET6-Writing,114,P10.1.1 curated seed
谚语证明,名言引用,This proverb clearly shows the importance of [value].,这句谚语清楚表明[价值]的重要性。,This proverb clearly shows the importance of honesty.,这句谚语清楚显示了诚信的重要性。,[value].,适用于六级作文/翻译中的“名言引用”功能。,2,CET6-Writing,115,P10.1.1 curated seed
经典观点,名言引用,A classic idea is that [idea].,一个经典观点是[观点]。,A classic idea is that knowledge should be combined with practice.,一个经典观点是，知识应与实践相结合。,[idea].,适用于六级作文/翻译中的“名言引用”功能。,2,CET6-Writing,116,P10.1.1 curated seed
承接引用,名言引用,The quote is still meaningful today because [reason].,这句引言今天仍有意义，因为[原因]。,The quote is still meaningful today because young people face new forms of pressure.,这句名言在今天仍有意义，因为年轻人面临新的压力形式。,[reason].,适用于六级作文/翻译中的“名言引用”功能。,2,CET6-Writing,117,P10.1.1 curated seed
价值解释,名言引用,What this quote emphasizes is [value].,这句引言强调的是[价值]。,What this quote emphasizes is the value of perseverance.,这句名言强调的是坚持的价值。,[value].,适用于六级作文/翻译中的“名言引用”功能。,2,CET6-Writing,118,P10.1.1 curated seed
联系现实,名言引用,"In real life, this idea can be applied to [situation].",在现实生活中，这一观点可应用于[情境]。,"In real life, this idea can be applied to time management.",在现实生活中，这一观点可应用于时间管理。,[situation].,适用于六级作文/翻译中的“名言引用”功能。,3,CET6-Writing,119,P10.1.1 curated seed
结尾升华,名言引用,"Therefore, we should keep this wisdom in mind and [action].",因此，我们应牢记这一智慧并[行动]。,"Therefore, we should keep this wisdom in mind and take action in daily life.",因此，我们应牢记这一智慧，并在日常生活中采取行动。,[action].,适用于六级作文/翻译中的“名言引用”功能。,3,CET6-Writing,120,P10.1.1 curated seed
科技发展,主题素材,Technology is a double-edged sword that requires wise use.,科技是一把双刃剑，需要明智使用。,Technology is a double-edged sword that requires wise use.,科技是一把双刃剑，需要明智使用。,无,适用于六级作文/翻译中的“主题素材”功能。,1,CET6-Writing,121,P10.1.1 curated seed
环境保护,主题素材,Environmental protection is not a slogan but a responsibility shared by all.,环境保护不是口号，而是所有人共同承担的责任。,Environmental protection is not a slogan but a responsibility shared by all.,环境保护不是口号，而是所有人共同承担的责任。,无,适用于六级作文/翻译中的“主题素材”功能。,1,CET6-Writing,122,P10.1.1 curated seed
文化交流,主题素材,Cultural exchange enables people to understand differences and appreciate diversity.,文化交流使人们理解差异并欣赏多样性。,Cultural exchange enables people to understand differences and appreciate diversity.,文化交流使人们能够理解差异并欣赏多样性。,无,适用于六级作文/翻译中的“主题素材”功能。,1,CET6-Writing,123,P10.1.1 curated seed
志愿服务,主题素材,Volunteer work helps students develop empathy and social responsibility.,志愿服务帮助学生培养同理心和社会责任感。,Volunteer work helps students develop empathy and social responsibility.,志愿服务帮助学生培养同理心和社会责任感。,无,适用于六级作文/翻译中的“主题素材”功能。,2,CET6-Writing,124,P10.1.1 curated seed
阅读价值,主题素材,Reading broadens our horizons and deepens our understanding of the world.,阅读拓宽我们的视野并加深我们对世界的理解。,Reading broadens our horizons and deepens our understanding of the world.,阅读开阔我们的视野，并加深我们对世界的理解。,无,适用于六级作文/翻译中的“主题素材”功能。,2,CET6-Writing,125,P10.1.1 curated seed
心理健康,主题素材,Mental health deserves as much attention as physical health.,心理健康应和身体健康一样受到重视。,Mental health deserves as much attention as physical health.,心理健康和身体健康一样值得关注。,无,适用于六级作文/翻译中的“主题素材”功能。,2,CET6-Writing,126,P10.1.1 curated seed
团队合作,主题素材,"Teamwork teaches us how to communicate, cooperate and solve problems together.",团队合作教会我们如何沟通、协作并共同解决问题。,"Teamwork teaches us how to communicate, cooperate and solve problems together.",团队合作教会我们如何沟通、协作并共同解决问题。,无,适用于六级作文/翻译中的“主题素材”功能。,2,CET6-Writing,127,P10.1.1 curated seed
独立思考,主题素材,Independent thinking is essential in an age of information overload.,在信息过载时代，独立思考至关重要。,Independent thinking is essential in an age of information overload.,在信息过载的时代，独立思考至关重要。,无,适用于六级作文/翻译中的“主题素材”功能。,2,CET6-Writing,128,P10.1.1 curated seed
时间管理,主题素材,Good time management can turn pressure into steady progress.,良好的时间管理能把压力转化为稳定进步。,Good time management can turn pressure into steady progress.,良好的时间管理能把压力转化为稳定进步。,无,适用于六级作文/翻译中的“主题素材”功能。,3,CET6-Writing,129,P10.1.1 curated seed
终身学习,主题素材,Lifelong learning is the key to adapting to a changing society.,终身学习是适应变化社会的关键。,Lifelong learning is the key to adapting to a changing society.,终身学习是适应变化社会的关键。,无,适用于六级作文/翻译中的“主题素材”功能。,3,CET6-Writing,130,P10.1.1 curated seed
越来越重视,翻译常用表达,attach increasing importance to [something],越来越重视[某事],More families attach increasing importance to children's reading habits.,越来越多家庭重视孩子的阅读习惯。,[something],适用于六级作文/翻译中的“翻译常用表达”功能。,1,CET6-Writing,131,P10.1.1 curated seed
发挥重要作用,翻译常用表达,play an important role in [area],在[领域]发挥重要作用,Public libraries play an important role in community education.,公共图书馆在社区教育中发挥重要作用。,[area],适用于六级作文/翻译中的“翻译常用表达”功能。,1,CET6-Writing,132,P10.1.1 curated seed
为……做贡献,翻译常用表达,make contributions to [cause],为[事业]做贡献,Young people can make contributions to environmental protection through small daily actions.,年轻人可以通过日常小行动为环境保护做贡献。,[cause],适用于六级作文/翻译中的“翻译常用表达”功能。,1,CET6-Writing,133,P10.1.1 curated seed
促进发展,翻译常用表达,promote the development of [area],促进[领域]的发展,Digital technology can promote the development of rural education.,数字技术能够促进乡村教育的发展。,[area],适用于六级作文/翻译中的“翻译常用表达”功能。,2,CET6-Writing,134,P10.1.1 curated seed
满足需求,翻译常用表达,meet the needs of [group],满足[群体]的需求,Online services should meet the needs of elderly people.,在线服务应满足老年人的需求。,[group],适用于六级作文/翻译中的“翻译常用表达”功能。,2,CET6-Writing,135,P10.1.1 curated seed
提高意识,翻译常用表达,raise awareness of [issue],提高对[问题]的意识,Schools should raise awareness of academic integrity.,学校应提高学生的学术诚信意识。,[issue],适用于六级作文/翻译中的“翻译常用表达”功能。,2,CET6-Writing,136,P10.1.1 curated seed
面临挑战,翻译常用表达,be faced with [challenge],面临[挑战],Many graduates are faced with the challenge of career planning.,许多毕业生面临职业规划的挑战。,[challenge],适用于六级作文/翻译中的“翻译常用表达”功能。,2,CET6-Writing,137,P10.1.1 curated seed
采取行动,翻译常用表达,take action to [goal],采取行动去[目标],It is necessary to take action to protect personal information.,有必要采取行动保护个人信息。,[goal],适用于六级作文/翻译中的“翻译常用表达”功能。,2,CET6-Writing,138,P10.1.1 curated seed
充分利用,翻译常用表达,make full use of [resource],充分利用[资源],Students should make full use of campus learning resources.,学生应充分利用校园学习资源。,[resource],适用于六级作文/翻译中的“翻译常用表达”功能。,3,CET6-Writing,139,P10.1.1 curated seed
有助于,翻译常用表达,contribute to [positive result],有助于[积极结果],Regular exercise can contribute to better mental health.,规律运动有助于更好的心理健康。,[positive result],适用于六级作文/翻译中的“翻译常用表达”功能。,3,CET6-Writing,140,P10.1.1 curated seed
