source_order,lesson,word,phonetic,meaning_cn,example_en,example_cn,tag
1,1,traditional,,"a. 传统的,惯例的",,,CET6-Lesson1
2,1,vision,,n. 想象（力），幻想，视力，视觉,,,CET6-Lesson1
3,1,extraordinary,,a. 不平常的，特别的，非凡的,,,CET6-Lesson1
4,1,perpetual,,a. 永久的，永恒的，长期的； 无休止的，没完没了的,,,CET6-Lesson1
5,1,remote,,a. 遥远的，偏僻的；关系疏远的； 绝少的，微乎其微的,,,CET6-Lesson1
6,1,rub,,vt. 擦，摩擦,,,CET6-Lesson1
7,1,alien,,a. 外国的；陌生的；性质不同的，不相容的 n. 外国人，外侨，外星人,,,CET6-Lesson1
8,1,descendant,,n. 后裔，后代,,,CET6-Lesson1
9,1,religion,,n. 宗教，宗教信仰,,,CET6-Lesson1
10,1,religious,,a. 宗教的，虔诚的，笃信宗教的,,,CET6-Lesson1
11,1,prejudice,,n. 偏见，成见,,,CET6-Lesson1
12,1,claim,,vt. 声称，断言；对…提出要求，索取 n. 要求，认领，索赔；声称，断言,,,CET6-Lesson1
13,1,process,,n. 过程；工序，制作法；（法律）程序 vt. 加工，处理，办理,,,CET6-Lesson1
14,1,invitation,,n. 邀请；请柬，邀请书,,,CET6-Lesson1
15,1,nuclear,,a. 核子的；核能的，核心的,,,CET6-Lesson1
16,1,vacuum,,n. 真空；真空吸尘器 v. 用吸尘器清扫,,,CET6-Lesson1
17,1,institute,,n. 学院 vt. 建立,,,CET6-Lesson1
18,1,organ,,n. 器官；风琴；机构； 新闻媒介，宣传工具,,,CET6-Lesson1
19,1,inject,,vt. 注射；注入,,,CET6-Lesson1
20,1,cell,,n. 细胞；电池,,,CET6-Lesson1
21,1,injury,,n. 损害，伤害；受伤处,,,CET6-Lesson1
22,1,heal,,vi. 愈合，使康复； vt. 治愈；调停,,,CET6-Lesson1
23,1,tune,,n. 曲子，曲调； vt. 为乐器调音；调节,,,CET6-Lesson1
24,1,genetic,,a. 遗传（学）的 n. [-s]遗传学,,,CET6-Lesson1
25,1,anticipate,,vt. 预期，期望，预料； 先于…行动，提前使用,,,CET6-Lesson1
26,1,kidney,,n. 肾，肾脏,,,CET6-Lesson1
27,1,surgeon,,n. 外科医生,,,CET6-Lesson1
28,1,contact,,n. 联系；接触；熟人；（电路的）触点 vt. 与…取得联系，与…接触,,,CET6-Lesson1
29,1,commercial,,a. 商业的，商务的；商品化的，商业性的 n. 商业广告,,,CET6-Lesson1
30,1,profile,,n. 侧面（像）；传略，人物简介；轮廓，形象 vt. 为…描绘（轮廓等）,,,CET6-Lesson1
31,1,tissue,,n. 组织；薄纱，薄纸，手巾纸,,,CET6-Lesson1
32,1,compose,,vt. 组成，构成；创作（乐曲、诗歌等），为…谱曲； 使平静，使镇静,,,CET6-Lesson1
33,1,replace,,vt. 代替，取代；更换，调换,,,CET6-Lesson1
34,1,authentic,,a. 真正的；可靠的,,,CET6-Lesson1
35,1,whale,,n. 鲸,,,CET6-Lesson1
36,1,resist,,vt. 抵抗；抗（病等），耐（热等）； 忍住，拒受…的影响；vi. 抵抗,,,CET6-Lesson1
37,1,routine,,n. 例行公事 a. 例行的,,,CET6-Lesson1
38,1,extend,,vt. 延伸；扩大，扩展 ；达到；vi. 伸展,,,CET6-Lesson1
39,1,protective,,a. 保护的,,,CET6-Lesson1
40,1,vigorous,,a. 有力的；精力充沛的,,,CET6-Lesson1
41,1,productive,,a. 多产的，富饶的；富有成效的,,,CET6-Lesson1
42,1,fancy,,vt. 喜欢；想要；想象；猜想 n. 爱好，迷恋；想象力；设想，空想,,,CET6-Lesson1
43,1,evolve,,v. （使）演变，（使）进化,,,CET6-Lesson1
44,1,evidence,,n. 根据，证据，迹象,,,CET6-Lesson1
45,1,ancient,,a. 古代的；年老的,,,CET6-Lesson1
46,1,permanent,,a. 永久（性）的，固定的,,,CET6-Lesson1
47,1,frost,,n. 霜冻；霜，白霜 v. 结霜（于）,,,CET6-Lesson1
48,1,planet,,n. 行星,,,CET6-Lesson1
49,1,optical,,a. 光（学）的；眼的，视觉的,,,CET6-Lesson1
50,1,detection,,n. 发觉，察觉；侦查,,,CET6-Lesson1
51,1,additional,,a. 添加的，额外的,,,CET6-Lesson1
52,1,revolutionary,,a. 革命的，革新的,,,CET6-Lesson1
53,1,consequence,,n. 结果,,,CET6-Lesson1
54,1,biology,,n. 生物学,,,CET6-Lesson1
55,1,astronomy,,n. 天文学,,,CET6-Lesson1
56,1,philosophy,,n. 哲学；哲理,,,CET6-Lesson1
57,1,universe,,n. 宇宙，世界；领域,,,CET6-Lesson1
58,1,colony,,n. 殖民地；（侨民等）聚居区，聚居地； （动植物的）群体，集群,,,CET6-Lesson1
59,1,sufficient,,a. 足够的，充分的,,,CET6-Lesson1
60,1,insurance,,n. 保险；保证,,,CET6-Lesson1
61,1,catastrophe,,n. 大灾难,,,CET6-Lesson1
62,1,foresee,,vt. 预见，预知,,,CET6-Lesson1
63,1,afflict,,vt. 使苦恼，折磨,,,CET6-Lesson1
64,1,prescribe,,vt. 开（药）；规定,,,CET6-Lesson1
65,1,severe,,a. 严重的；严厉的，严格的； 严峻的，艰难的；朴素的，不加装饰的,,,CET6-Lesson1
66,1,cord,,n. （细）绳,,,CET6-Lesson1
67,1,injure,,vt. 伤害，损害，损伤,,,CET6-Lesson1
68,1,appliance,,n. 器具，装置,,,CET6-Lesson1
69,1,automobile/auto,,n. 汽车,,,CET6-Lesson1
70,1,manufacturer,,n. 制造商，制造厂,,,CET6-Lesson1
71,1,certify,,vt. 证明；发证书给,,,CET6-Lesson1
72,1,predict,,vt. 预言，预测，预告,,,CET6-Lesson1
73,1,nerve,,n. 神经；勇气，胆量,,,CET6-Lesson1
74,1,replacement,,n. 代替，取代；更换，调换； 替代的人（或物）,,,CET6-Lesson1
75,1,senior,,a. 资格较老的；年长的 n. 较年长者；（中学或大学的）毕业班学生,,,CET6-Lesson1
76,1,distinguish,,vt. 区分；看清；（oneself）使杰出,,,CET6-Lesson1
77,1,global,,a. 全球的；总的,,,CET6-Lesson1
78,1,disaster,,n. 灾难；彻底的失败,,,CET6-Lesson1
79,1,survive,,vi. 幸存，活下来 vt. 从…逃出；从（困境等）中挺过来；比…活得长,,,CET6-Lesson1
80,1,evolution,,n. 演变，进化,,,CET6-Lesson1
81,1,amount,,n. 量，数量，数额；总额，总数 vi. （to） 合计，共计；等同，接近,,,CET6-Lesson1
82,1,artificial,,a. 人造的，人工的；矫揉造作的，假的,,,CET6-Lesson1
83,1,intelligence,,n. 智力，智慧；情报,,,CET6-Lesson1
84,1,overcome,,vt. 克服，战胜；压倒,,,CET6-Lesson1
85,1,significant,,a. 相当数量的；重要的，意义重大的； 意味深长的,,,CET6-Lesson1
86,1,breakthrough,,n. 突破，突破性进展，重要的新发现,,,CET6-Lesson1
87,1,toxic,,a. 有毒的，因中毒引起的,,,CET6-Lesson1
88,1,carbon,,n. 碳,,,CET6-Lesson1
89,1,dioxide,,n. 二氧化物,,,CET6-Lesson1
90,1,challenge,,n. 艰巨的任务；怀疑；挑战 vt. 反对；向…挑战；对…质疑,,,CET6-Lesson1
91,1,reward,,n. 报答；奖赏，酬金，报酬；vt.报答,,,CET6-Lesson1
92,1,moral,,a. 道德（上）的 n. [pl.]道德，寓意,,,CET6-Lesson1
93,1,framework,,n. 框架，构架；参照标准，准则，观点； 构成方式，体系,,,CET6-Lesson1
94,1,interaction,,n. 相互作用,,,CET6-Lesson1
95,1,absurd,,a. 荒谬的，荒唐的,,,CET6-Lesson1
96,1,display,,n./vt. 陈列，展览；显示,,,CET6-Lesson1
97,1,knit,,vt.编结，编织；使紧密地结合，使紧凑；皱紧，皱（眉）vi.编结，编织,,,CET6-Lesson1
98,1,community,,n. 社区；团体；群落,,,CET6-Lesson1
99,1,solution,,n. 解决；解决方法；解答；溶液,,,CET6-Lesson1
100,1,crisis,,n. 危机；决定性时刻,,,CET6-Lesson1
101,1,harm,,n./vt. 伤害，损害，危害,,,CET6-Lesson1
102,1,donate,,v. 捐赠，赠送,,,CET6-Lesson1
103,1,transplant,,vt. 移栽；移植（器官）；使迁移，使移居 n.（器官）移植,,,CET6-Lesson1
104,1,relieve,,vt. 使轻松，使宽慰；缓解，减轻，解除； 使得到调剂；接替，替下,,,CET6-Lesson1
105,1,setting,,n. 环境，（小说等的）背景，（舞台等的）布景； 调节，设定的位置,,,CET6-Lesson1
106,1,acquire,,vt. 取得，获得；学到,,,CET6-Lesson1
107,1,ample,,a. 足够的；宽敞的，面积大的,,,CET6-Lesson1
108,1,resource,,n. [pl.]资源；应付办法,,,CET6-Lesson1
109,1,manufacture,,vt. （大量）制造 n. （大量）制造，制造业；[pl.]制造品,,,CET6-Lesson1
110,1,dynamic,,a. 有活力的；不断变化或增长的；动力的n.（原）动力；-s 动力学,,,CET6-Lesson1
111,1,fiber/-bre,,n. 纤维（物质）,,,CET6-Lesson1
112,1,surgery,,n. 外科；外科手术，手术室,,,CET6-Lesson1
113,1,terrific,,a. 极妙的；极大的,,,CET6-Lesson1
114,1,budget,,n. 预算，预算拨款 vi. （for）编预算，做安排 adj.低廉的；vt. 规划，安排,,,CET6-Lesson1
115,1,cafeteria,,n. 自助餐馆,,,CET6-Lesson1
116,1,practically,,ad. 几乎；实际上,,,CET6-Lesson1
117,1,financial,,a. 财政的，金融的,,,CET6-Lesson1
118,1,burden,,n. 重担，精神负担；使重负，负荷 vt. 加重压于，烦扰；负重，装载,,,CET6-Lesson1
119,1,nuisance,,n. 令人讨厌的东西（或状况、行为），讨厌的人,,,CET6-Lesson1
120,1,spill,,v. （使）溢出，（使）洒落；n. 溢出,,,CET6-Lesson1
121,1,shed,,vt. 脱落，脱去；流出，流下； 发出（光等），散发；摆脱，去掉 n. 棚屋,,,CET6-Lesson1
122,1,complex,,a. 由许多部分组成的，复合的；复杂的 n. 综合体，集合体,,,CET6-Lesson1
123,1,retrieve,,vt. 重新得到；挽回,,,CET6-Lesson1
124,1,polish,,vt. 磨光；润色，修改 n. 擦光剂,,,CET6-Lesson1
125,1,submit,,vi. （to）屈服 ，提交；主张；vt. 呈送,,,CET6-Lesson1
126,1,assignment,,n. （分派的）任务，（指定的）作业； 分配，指派,,,CET6-Lesson1
127,1,agency,,n. 代理行；专业行政部门,,,CET6-Lesson1
128,1,academic,,a. 学校的，学院的；学术的 n. 大学教师,,,CET6-Lesson1
129,1,calendar,,n. 日历，月历,,,CET6-Lesson1
130,1,imply,,vt. 暗示，含有…的意思,,,CET6-Lesson1
131,1,loan,,n. 贷款，借，贷 vt. 借出，贷给,,,CET6-Lesson1
132,1,application,,n. 申请，申请表；应用，实施，实用性； 施用，敷用，涂抹,,,CET6-Lesson1
133,1,brochure,,n. 小册子,,,CET6-Lesson1
134,1,eligible,,a. 有条件被选中的，有恰当资格的； （尤指婚姻等）合适的，合意的,,,CET6-Lesson1
135,1,release,,vt./n. 释放，排放；解除，解脱； 放开，松开；发布，发行,,,CET6-Lesson1
136,1,amazing,,a. 令人吃惊的，惊人的,,,CET6-Lesson1
137,1,bulb,,n. 电灯泡；球状物，球茎,,,CET6-Lesson1
138,1,absolute,,a. 十足的，地道的；绝对的，完全的； 不受任何限制（或约束）的,,,CET6-Lesson1
139,1,enormous,,a. 巨大的，极大的,,,CET6-Lesson1
140,1,numerous,,a. 众多的，许多的,,,CET6-Lesson1
141,1,appeal,,n. 呼吁；恳求，感染力；申诉，上诉 vt. 将…上诉 vi. 呼吁；有吸引力，有感染力；上诉，申诉；（to）诉诸，诉请裁决（或证实等）,,,CET6-Lesson1
142,1,surroundings,,n. 环境,,,CET6-Lesson1
143,1,antique,,a. 古老的，古时的 n. 古董,,,CET6-Lesson1
144,1,memorial,,a. 纪念的 n. 纪念碑,,,CET6-Lesson1
145,1,generate,,vt. 产生；引起,,,CET6-Lesson1
146,1,assure,,vt. 使确信；确保,,,CET6-Lesson1
147,1,account,,n. 记述；账户；解释 vi. （for） 说明…的原因； （在数量、比例方面）占,,,CET6-Lesson1
148,1,exaggerate,,v. 夸大，夸张,,,CET6-Lesson1
149,1,reasonable,,a. 通情达理的，讲道理的；合理的，有道理的； （价钱）公道的,,,CET6-Lesson1
150,1,fantastic,,a. 极好的；极大的，难以相信的； 异想天开的，不实际的,,,CET6-Lesson1
151,1,transfer,,vt. 搬，转移；调动，转学；转让，过户 vi. 迁移，转移；调动，转学；转车，换乘； n. 转移，调动；转车，换乘,,,CET6-Lesson1
152,1,preparation,,n. 准备工作；制剂,,,CET6-Lesson1
153,1,satisfactory,,a. 令人满意的,,,CET6-Lesson1
154,1,vehicle,,n. 交通工具，车辆；传播媒介,,,CET6-Lesson1
155,1,craft,,n. 工艺；船，航空器，航天器,,,CET6-Lesson1
156,1,regulation,,n. 规则，规章；管理；调节,,,CET6-Lesson1
157,1,argument,,n. 争论；论据，说理，理由,,,CET6-Lesson1
158,1,compel,,vt. 强迫，迫使,,,CET6-Lesson1
159,1,recreation,,n. 娱乐活动，消遣,,,CET6-Lesson1
160,1,crash,,vi. 碰撞；坠落，发出撞击（或爆裂）声；垮台 vt. 撞击；冲，闯 n. 碰撞；破裂声,,,CET6-Lesson1
161,1,collision,,n. 碰撞；冲突，抵触,,,CET6-Lesson1
162,1,ignorant,,a. （of）不知道的；无知的，愚昧的,,,CET6-Lesson1
163,1,navigation,,n. 航行（学），航海（术），航空（术）； 导航，领航,,,CET6-Lesson1
164,1,potential,,a. 潜在的，可能的 n. 潜力，潜能,,,CET6-Lesson1
165,1,aggravate,,vt. 加重；激怒,,,CET6-Lesson1
166,1,compete,,vi. 竞争，比赛,,,CET6-Lesson1
167,1,addition,,n. 加法；增加的人（或物）,,,CET6-Lesson1
168,1,inherent,,a. （in）内在的；固有的,,,CET6-Lesson1
169,1,hazard,,n. 危险 vt. 尝试着做；冒…风险,,,CET6-Lesson1
170,1,resident,,n. 居民；住院医生 a. 居住的；住校的，住院的，住在住所的,,,CET6-Lesson1
171,1,complain,,vi. 抱怨；投诉,,,CET6-Lesson1
172,1,foundation,,n. [pl.]地基；基础，基本原理，根据； 基金会；建立，设立，创办,,,CET6-Lesson1
173,1,concern,,n. 关切的事；关心，担心；关系，关联 vt. 涉及，有关于；使关心,,,CET6-Lesson1
174,1,species,,n. 种，类,,,CET6-Lesson1
175,1,migrate,,vi. 迁徙；移居,,,CET6-Lesson1
176,1,breed,,n. 种，品种 vi. 繁殖，产仔 vt. 饲养，繁殖；养育，培育； 酿成，产生,,,CET6-Lesson1
177,1,restrict,,vt. 限制，约束，限定,,,CET6-Lesson1
178,1,compulsory,,a. 强制性的，必修的，必须做的,,,CET6-Lesson1
179,1,essential,,a. 必不可少的；本质的，实质的，基本的；n. 要素；必需品,,,CET6-Lesson1
180,1,tragedy,,n. 惨事，灾难；悲剧,,,CET6-Lesson1
181,1,multiply,,v. 增加，繁殖；乘,,,CET6-Lesson1
182,1,designate,,vt. 指派，委任；标出,,,CET6-Lesson1
183,1,efficient,,a. 效率高的,,,CET6-Lesson1
184,1,means,,n. 方法，手段；金钱，财产,,,CET6-Lesson1
185,1,disregard,,vt./n. 漠视,,,CET6-Lesson1
186,1,overload,,vt. 超过负荷，使超载 n. 超载,,,CET6-Lesson1
187,1,scare,,n. 惊恐，恐慌 vt. 使害怕；vi. 受惊吓，感到害怕,,,CET6-Lesson1
188,1,discharge,,vt. 允许，离开，释放；发射；卸（货） vi./n. 排出，放电,,,CET6-Lesson1
189,1,propose,,v. 提议，建议，提出；提名，推荐； 打算，计划；求婚,,,CET6-Lesson1
190,1,ensure,,vt. 保证，担保，确保,,,CET6-Lesson1
191,1,expand,,v. 扩大，扩张，扩展；膨胀,,,CET6-Lesson1
192,1,enforce,,vt. 实施，执行；强迫,,,CET6-Lesson1
193,2,wander,,vi. 漫游；偏离正道；走神,,,CET6-Lesson2
194,2,estate,,n. 土地，财产，住宅区；地产； 庄园；（在乡村的）大片私有土地,,,CET6-Lesson2
195,2,arise,,vi. 产生，出现，发生； （from）（由…）引起，（由…）产生，起源于； 起身，起床,,,CET6-Lesson2
196,2,emergency,,n. 紧急情况，非常时刻,,,CET6-Lesson2
197,2,boundary,,n. 分界线，边界,,,CET6-Lesson2
198,2,define,,vt. 给…下定义；限定,,,CET6-Lesson2
199,2,stable,,a. 稳定的；沉稳的 n. 马厩,,,CET6-Lesson2
200,2,strain,,n. 拉紧；过劳，极度紧张；张力 vt. 扭伤；尽力使用；拉紧 n.旋律；品种；气质 vi. 尽力,,,CET6-Lesson2
201,2,occupy,,vt. 占用，占领；使忙碌,,,CET6-Lesson2
202,2,attach,,vt. 系，贴，连接；使依恋，使喜爱； 认为有（重要性、责任等）；使附属,,,CET6-Lesson2
203,2,reflect,,v. 反映，显示；反射，映现,,,CET6-Lesson2
204,2,junior,,a. 年少的；资历较浅的， n. 年少者；晚辈；三年级学生,,,CET6-Lesson2
205,2,personnel,,n. 人员，员工；人事部门,,,CET6-Lesson2
206,2,urban,,a. 城市的,,,CET6-Lesson2
207,2,maintain,,vt. 维持；维修；坚持，赡养,,,CET6-Lesson2
208,2,consequently,,ad. 所以,,,CET6-Lesson2
209,2,identify,,vt. 认出，鉴定；（with）把…等同于 vi. （with）认同,,,CET6-Lesson2
210,2,focus,,v. （on）（使）聚集 n. 焦点，焦距，聚焦；（注意、活动等的）中心,,,CET6-Lesson2
211,2,permission,,n. 许可，准许,,,CET6-Lesson2
212,2,guidance,,n. 指引，指导，领导,,,CET6-Lesson2
213,2,strategy,,n. 战略，策略,,,CET6-Lesson2
214,2,motivate,,vt. 激励,,,CET6-Lesson2
215,2,scholar,,n. 学者；奖学金获得者,,,CET6-Lesson2
216,2,athlete,,n. 运动员，体育家,,,CET6-Lesson2
217,2,affect,,v. 影响,,,CET6-Lesson2
218,2,idle,,a. 懒散的；空闲的；无用的 vi. 懒散，无所事事 vt. （away）虚度（光阴）,,,CET6-Lesson2
219,2,rural,,a. 农村的,,,CET6-Lesson2
220,2,climate,,n. 气候；风气，气氛,,,CET6-Lesson2
221,2,favo(u)rable,,a. 称赞的，赞同的；有利的，顺利的,,,CET6-Lesson2
222,2,performance,,n. 表演；履行； 工作情况，表现，（机器等）工作性能,,,CET6-Lesson2
223,2,criminal,,n. 罪犯 a. 犯罪的,,,CET6-Lesson2
224,2,justice,,n. 正义；公正；司法，法律制裁,,,CET6-Lesson2
225,2,complicate,,vt. 使复杂化；使卷入，牵连 vi. 变复杂,,,CET6-Lesson2
226,2,jail/gaol,,n. 监狱 vt. 监禁，拘留,,,CET6-Lesson2
227,2,debt,,n. 欠款，债务，负债,,,CET6-Lesson2
228,2,incur,,vt. 招致，遭受，引起,,,CET6-Lesson2
229,2,influence,,n. 影响，影响力； 产生影响力的人（或事物）；势力；vt. 影响,,,CET6-Lesson2
230,2,harden,,v. （使）变硬，（使）硬化； （使）变得坚强，（使）变得冷酷无情,,,CET6-Lesson2
231,2,crime,,n. 罪，罪行，犯罪,,,CET6-Lesson2
232,2,alternative,,a. 两者择一的；另类的，抉择 n. 取舍；选择的自由,,,CET6-Lesson2
233,2,restore,,vt. 恢复；修复，整修；归还,,,CET6-Lesson2
234,2,punishment,,n. 惩罚,,,CET6-Lesson2
235,2,plea,,n. 恳求；抗辩，答辩；借口,,,CET6-Lesson2
236,2,insane,,a. 荒唐的，精神失常的，蠢极的；（患）精神病的,,,CET6-Lesson2
237,2,guilty,,a. 内疚的；有罪的,,,CET6-Lesson2
238,2,commit,,vt. 犯（错误、罪行等），干（蠢事、坏事等）； （oneself）使承担义务，使承诺,,,CET6-Lesson2
239,2,reaction,,n. 反应；反作用；（against）反动,,,CET6-Lesson2
240,2,preview,,n. （电影、戏剧等的）预映，预演； （电影等的）预告（片）,,,CET6-Lesson2
241,2,image,,n. 形象，声誉；印象；图像；映像,,,CET6-Lesson2
242,2,audience,,n. 听众，观众，读者,,,CET6-Lesson2
243,2,response,,n. 回答；反应，响应,,,CET6-Lesson2
244,2,dramatic,,a. 引人注目的；戏剧性的；戏剧的 n. [-s]戏剧表演,,,CET6-Lesson2
245,2,rare,,a. 稀有的；珍奇的；稀薄的,,,CET6-Lesson2
246,2,screen,,n. 屏幕；屏风，帘，纱窗 vt. 掩蔽；放映（电影），播放（电视节目）；审查,,,CET6-Lesson2
247,2,feature,,n. 特征，特色；[pl.]面貌，相貌； 特写，专题节目 vt. 突出，由…主演,,,CET6-Lesson2
248,2,explicit,,a. 详述的，明述的；明确的；直言的,,,CET6-Lesson2
249,2,ignite,,vt. 点燃，引发 vi. 着火,,,CET6-Lesson2
250,2,emotional,,a.令人动情的；情绪激动的；表现强烈情感的；易动感情的； 感情（上）的，情绪（上）的,,,CET6-Lesson2
251,2,debate,,n./v. 辩论，争论,,,CET6-Lesson2
252,2,anniversary,,n. 周年纪念,,,CET6-Lesson2
253,2,approach,,v. 靠近，接近 n. 靠近，接近，临近；途径；方式，方法,,,CET6-Lesson2
254,2,deserve,,vt. 应受，应得，值得,,,CET6-Lesson2
255,2,crew,,n. 全体机务人员，一对工作人员，全体员工,,,CET6-Lesson2
256,2,proceeding,,n. 进程，过程，议程；诉讼，诉讼程序； 会议录，公报,,,CET6-Lesson2
257,2,approval,,n. 同意；批准，认可,,,CET6-Lesson2
258,2,victim,,n. 牺牲品，受害者,,,CET6-Lesson2
259,2,reluctant,,a. 不情愿的,,,CET6-Lesson2
260,2,gross,,a. 总的 vt. 获得…总收入,,,CET6-Lesson2
261,2,fund,,n. 基金，专款；储备，蕴藏；[pl.]存款，资金，现款 vt. 为…提供资金，给…拨款,,,CET6-Lesson2
262,2,criticism,,n. 批评；评论,,,CET6-Lesson2
263,2,studio,,n. 画室；摄影室，播音室，录音室,,,CET6-Lesson2
264,2,exploit,,vt. 剥削；利用，开发，开采 n. [常pl.]业绩，功绩，功勋,,,CET6-Lesson2
265,2,secure,,a. 安全的；牢固的；无忧虑的 vt. 得到，获得；使安全,,,CET6-Lesson2
266,2,border,,n. 边缘，界线；边界 vt. 给…加上边，围；邻接 vi. （on）近似；与…接壤,,,CET6-Lesson2
267,2,obtain,,vt. 获得 vi. 通用，流行,,,CET6-Lesson2
268,2,proceed,,vi. 进行，继续下去； （沿特定路线）行进，（朝特定方向）前进,,,CET6-Lesson2
269,2,criticize/-ise,,vt. 批评；评论,,,CET6-Lesson2
270,2,security,,n. 安全；抵押品，pl.证券,,,CET6-Lesson2
271,2,asset,,n. 优点；常pl.资产，财产,,,CET6-Lesson2
272,2,hedge,,n. （矮树）树篱；防备，障碍物 vt. 用篱笆围 vi. 避免直接回答,,,CET6-Lesson2
273,2,slump,,vi. 暴跌；突然倒下 n. 萧条期，低潮,,,CET6-Lesson2
274,2,esteem,,n./vt. 尊重，敬重,,,CET6-Lesson2
275,2,currency,,n. 通货，货币；通行,,,CET6-Lesson2
276,2,import,,n. 进口，输入；常pl.进口商品，输入额；vt. 进口，输入,,,CET6-Lesson2
277,2,exert,,vt. 尽力，用（力）；运用，发挥,,,CET6-Lesson2
278,2,pressure,,n. 压（力）；强制，压迫,,,CET6-Lesson2
279,2,substantial,,a. 可观的，大量的；牢固的，结实的； 实质的，真实的,,,CET6-Lesson2
280,2,sector,,n. 部门；部分；防御地段；扇形,,,CET6-Lesson2
281,2,economy,,n. 经济；省俭,,,CET6-Lesson2
282,2,giant,,n. 巨人，才智超群的人 a. 巨大的,,,CET6-Lesson2
283,2,arrogant,,a. 傲慢的，自大的,,,CET6-Lesson2
284,2,hostile,,a. 敌意的，敌对的，不友善的,,,CET6-Lesson2
285,2,trend,,n. 趋向；时尚，时新款式,,,CET6-Lesson2
286,2,peak,,n. 山峰，顶点，顶峰 vi. 达到高峰，达到最大值 a. 最大值的，高峰的,,,CET6-Lesson2
287,2,decrease,,v. 减小，减少；n. 减小，减少（量）,,,CET6-Lesson2
288,2,deficit,,n. 赤字，亏空，亏损,,,CET6-Lesson2
289,2,soar,,vi. 猛增，剧增；高飞，升腾； （情绪、期望等）高涨；高耸，屹立,,,CET6-Lesson2
290,2,corporation,,n. 公司,,,CET6-Lesson2
291,2,gamble,,"vi.（on）赌博；（on, in）投机，冒险；vt. 赌，以…为赌注；n. 赌博；投机",,,CET6-Lesson2
292,2,stock,,n. 备料，库存，现货；股票，公债； [总称]家畜，牲畜 v. 储备 a. 常用的,,,CET6-Lesson2
293,2,bubble,,n. 泡，水泡，气泡 vi. 冒泡,,,CET6-Lesson2
294,2,profit,,"n. 利润 vt. 有益于；vi. （by, from）得益",,,CET6-Lesson2
295,2,relief,,n. 轻松，宽慰；（痛苦等）缓解，减轻，解除； 使得到调剂；接替，替下,,,CET6-Lesson2
296,2,inflict,,"vt. （on, upon）把…强加给，使遭受",,,CET6-Lesson2
297,2,pathetic,,a. 差劲的；引起怜悯的，可怜的,,,CET6-Lesson2
298,2,current,,a.当前的，现时的；流行的 n. （空气、水等的）流，潮流；电流；趋势,,,CET6-Lesson2
299,2,contempt,,n. 轻视，轻蔑,,,CET6-Lesson2
300,2,sympathetic,,a. 同情的，体谅的； （to）赞同的，支持的；和谐的，合意的,,,CET6-Lesson2
301,2,decline,,n. 下降，减少 vi. 下降，减少；衰退，衰落；谢绝，拒绝；vt. 谢绝，拒绝,,,CET6-Lesson2
302,2,destination,,n. 目的地，终点；目标,,,CET6-Lesson2
303,2,margin,,n. 页边空白；差数，差额； 余地，余裕；边，边缘,,,CET6-Lesson2
304,2,admission,,n. 准许进入；入场费，承认,,,CET6-Lesson2
305,2,survey,,n. 调查；测量；全面审视 vt. 调查；测量；全面审视；概括论述,,,CET6-Lesson2
306,2,acknowledge,,vt. 承认，承认…的权威（或主张）； 告知收到，确认,,,CET6-Lesson2
307,2,contrive,,vt. 谋划，策划；设法做到；想出；设计,,,CET6-Lesson2
308,2,justification,,n. 正当的理由；借口,,,CET6-Lesson2
309,2,myth,,n. 杜撰出来的人（或事物）；神话,,,CET6-Lesson2
310,2,prestige,,n. 威信，威望,,,CET6-Lesson2
311,2,panic,,n. 恐慌 ；v.（使）恐慌,,,CET6-Lesson2
312,2,fearful,,a. 吓人的，可怕的；不安的，忧虑的,,,CET6-Lesson2
313,2,urge,,vt. 鼓励，激励；竭力主张，强烈要求； 催促，力劝 n. 强烈的欲望，迫切的要求,,,CET6-Lesson2
314,2,belief,,n. 相信，信任；信念，信仰,,,CET6-Lesson2
315,2,scarce,,a. 缺乏的；罕见的；稀少的,,,CET6-Lesson2
316,2,elite,,n. [总称]上层人士；精英,,,CET6-Lesson2
317,2,graduate,,n. （尤指大学）毕业生；研究生；v.（使）毕业；n.毕业,,,CET6-Lesson2
318,2,plausible,,a. 似有道理的,,,CET6-Lesson2
319,2,feedback,,n. 反馈，反馈信息,,,CET6-Lesson2
320,2,enhance,,vt. 提高，增加，加强,,,CET6-Lesson2
321,2,reckon,,vt. 认为；（on）指望；测算,,,CET6-Lesson2
322,2,status,,n. 地位，身份；情形，状况,,,CET6-Lesson2
323,2,signify,,vt. 表示…的意思，预示；意味,,,CET6-Lesson2
324,2,talent,,n. 才能，天资；人才,,,CET6-Lesson2
325,2,ambition,,n. 抱负，祈望得到的东西，雄心，野心,,,CET6-Lesson2
326,2,paradox,,n. 似乎矛盾而（可能）正确的说法； 自相矛盾的人（或事物）,,,CET6-Lesson2
327,2,significance,,n. 意义；重要性,,,CET6-Lesson2
328,2,competent,,a. 有能力的，能胜任的,,,CET6-Lesson2
329,2,stake,,n. 桩，标桩；利害关系，股份； 赌本，赌注 vt. 以…打赌，拿…冒险,,,CET6-Lesson2
330,2,competitive,,a. 竞争的，比赛的；好竞争的； （价格等）有竞争力的,,,CET6-Lesson2
331,2,adjust,,vt. 校正，校准，调整；调节，改变…以适应 vi. （to）适应,,,CET6-Lesson2
332,2,destructive,,a. 破坏（性）的，毁灭的,,,CET6-Lesson2
333,2,impose,,vt. （on）把…强加于； 征（税等），处以（罚款、监禁等）,,,CET6-Lesson2
334,2,intensive,,a. 加强的，集中的，密集的； 精工细作的，集约的,,,CET6-Lesson2
335,2,attractive,,a. 有吸引力的,,,CET6-Lesson2
336,2,scholarship,,n. 奖学金；学问,,,CET6-Lesson2
337,2,enrol(l),,"vi. （in, on）入学，加入 vt. 招收，吸收",,,CET6-Lesson2
338,2,guarantee,,vt. 保证 n. 保证书,,,CET6-Lesson2
339,2,connection/-exion,,n. 联系；连接（部分），衔接； [pl.]熟人，关系（户）,,,CET6-Lesson2
340,2,sustain,,vt. 保持，使持续下去； 供养，维持（生命等）； 支持，支撑；经受，遭受,,,CET6-Lesson2
341,2,peer,,n. 同龄人；贵族 vt. 仔细看,,,CET6-Lesson2
342,2,institution,,n. （教育、慈善等）社会公共机构； 制度，习俗；设立，创立，制定,,,CET6-Lesson2
343,2,emphasize/-ise,,vt. 强调,,,CET6-Lesson2
344,2,qualification,,n. 资格，资格证明，合格证书； 限制，限定，限定性条件,,,CET6-Lesson2
345,2,obvious,,a. 显然的，明显的,,,CET6-Lesson2
346,2,entrepreneur,,n. 企业家,,,CET6-Lesson2
347,2,issue,,n. 问题；发行，（报刊的）一期；分发 vt. 颁布，出版；分发，发给 vi. 流出,,,CET6-Lesson2
348,2,extension,,n. 伸出，扩大；延长部分，扩大部分，扩建部分；电话分机,,,CET6-Lesson2
349,2,expertise,,n.专门知识，专长,,,CET6-Lesson2
350,2,circumstance,,n. 环境，条件，形势；pl.境况，经济状况,,,CET6-Lesson2
351,2,contrast,,n. 对比，对照；反差；vt. 对比，对照 ；vi.（with）形成对比,,,CET6-Lesson2
352,2,objection,,n. 反对，异议，反对的理由,,,CET6-Lesson2
353,2,signal,,n. 信号；标志，表示 vt. 向…发信号；标志着；vi. 发信号 a. 显著的,,,CET6-Lesson2
354,2,immigrant,,n. 移民，侨民,,,CET6-Lesson2
355,2,hover,,vi. （鸟等）翱翔，盘旋； 逗留在近旁，徘徊；彷徨，犹豫,,,CET6-Lesson2
356,2,amplify,,vt. 放大（声音等），增强； 扩大，详述，进一步阐述,,,CET6-Lesson2
357,2,intensify,,v. （使）增强,,,CET6-Lesson2
358,2,circuit,,n. 电路，线路；环行,,,CET6-Lesson2
359,2,trait,,n. 特征，特点，特性,,,CET6-Lesson2
360,2,route,,n. 路程，路线,,,CET6-Lesson2
361,2,kidnap,,vt. 绑架，诱拐,,,CET6-Lesson2
362,2,convey,,vt. 表达，传达；运送,,,CET6-Lesson2
363,2,lure,,vt. 吸引；诱惑 n. 吸引力，诱惑物；诱饵,,,CET6-Lesson2
364,2,instal(l),,vt. 安装；使就职,,,CET6-Lesson2
365,2,confer,,vi. 商谈 vt. （on）授予，赋予,,,CET6-Lesson2
366,2,infer,,vt. 推论，推断,,,CET6-Lesson2
367,2,verify,,vt. 核实，查对；证明，证实,,,CET6-Lesson2
368,2,quota,,n. 定额，限额，配额,,,CET6-Lesson2
369,2,scale,,n. 规模，大小；等级；pl.天平，磅秤；比例（尺）； 刻度，标度；（鱼等的）鳞 vt. 攀登,,,CET6-Lesson2
370,2,invariably,,ad. 不变地，总是,,,CET6-Lesson2
371,2,literally,,ad. 逐字地；确实地；简直,,,CET6-Lesson2
372,2,barely,,ad. 仅仅，只不过，几乎不,,,CET6-Lesson2
373,2,sole,,a. 单独的，唯一的；独有的,,,CET6-Lesson2
374,2,repel,,vt. 使厌恶；击退，逐回；排斥,,,CET6-Lesson2
375,2,combat,,n. 战斗 vt. 与…斗争,,,CET6-Lesson2
376,2,abolish,,vt. 彻底废除，废止,,,CET6-Lesson2
377,2,initiative,,n. 主动性，首创精神； 主动的行动，倡议；主动权,,,CET6-Lesson2
378,2,impulse,,n. 冲动；推动；脉冲,,,CET6-Lesson2
379,2,heritage,,n. 遗产，传统,,,CET6-Lesson2
380,2,revision,,n. 修订；修订本；复习,,,CET6-Lesson2
381,2,notion,,n. 概念；意图，想法,,,CET6-Lesson2
382,2,version,,n. 版本，译本；说法,,,CET6-Lesson2
383,2,aggressive,,a. 侵犯的，侵略的，挑衅的； 敢做敢为的，有进取心的,,,CET6-Lesson2
384,3,automatic,,a. 自动的；不假思索的，无意识的,,,CET6-Lesson3
385,3,vulnerable,,a. 易受伤的，脆弱的；易受攻击的，难防御的,,,CET6-Lesson3
386,3,voluntary,,a. 自愿的，志愿的,,,CET6-Lesson3
387,3,fascinate,,vt. 强烈地吸引，迷住,,,CET6-Lesson3
388,3,dismiss,,vt. 不再考虑，不接受；免…职，解雇，开除；解散，遣散,,,CET6-Lesson3
389,3,professional,,a. 职业的,,,CET6-Lesson3
390,3,amateur,,n. 业余爱好者；外行 a. 业余爱好的，业余（身份）的；外行的,,,CET6-Lesson3
391,3,prospect,,n. 前景；景象,,,CET6-Lesson3
392,3,suspicion,,n. 怀疑；少量,,,CET6-Lesson3
393,3,outcome,,n. 结果,,,CET6-Lesson3
394,3,partial,,a. 部分的，不完全的；（to）偏爱的； （to）偏向一方的，偏心的,,,CET6-Lesson3
395,3,dedicate,,vt. 题献词于上； （to）把…献给，把（时间、精力等）用于,,,CET6-Lesson3
396,3,poetry,,n. 诗篇，诗歌，诗集,,,CET6-Lesson3
397,3,unique,,a. 唯一的，独特的,,,CET6-Lesson3
398,3,chemical,,a. 化学的 n. 化学制品,,,CET6-Lesson3
399,3,prosperity,,n. 兴旺，繁荣,,,CET6-Lesson3
400,3,digital,,a. 数字的，数字显示的,,,CET6-Lesson3
401,3,denial,,n. 否认；拒绝，拒绝给予,,,CET6-Lesson3
402,3,conservation,,n. 保存,,,CET6-Lesson3
403,3,efficiency,,n. 效率，功效,,,CET6-Lesson3
404,3,fraction,,n. 小部分，片断；分数,,,CET6-Lesson3
405,3,pump,,n. 泵 vt. （用泵）抽（水），打气,,,CET6-Lesson3
406,3,wrap,,vt. 包，裹 n. 披肩，围巾,,,CET6-Lesson3
407,3,slash,,vt.砍；大幅度削减 n.斜线号,,,CET6-Lesson3
408,3,bonus,,n. 奖金；额外给予的东西,,,CET6-Lesson3
409,3,annual,,a. 每年的 n. 年报,,,CET6-Lesson3
410,3,metric,,a. 公制的，米制的,,,CET6-Lesson3
411,3,saving,,n. 节省；pl.储蓄金,,,CET6-Lesson3
412,3,profitable,,"a. 有利可图的,有益的",,,CET6-Lesson3
413,3,immense,,a. 广大的，巨大的,,,CET6-Lesson3
414,3,investment,,n. 投资，投资额；（时间、精力等的）投入,,,CET6-Lesson3
415,3,agenda,,n. 议事日程,,,CET6-Lesson3
416,3,union,,n. 工会，联盟；结合，联合，合并； 团结，一致，融洽,,,CET6-Lesson3
417,3,impact,,n./v. 影响；冲击,,,CET6-Lesson3
418,3,insulate,,vt. 使绝缘；隔离,,,CET6-Lesson3
419,3,virtually,,ad. 实际上，事实上,,,CET6-Lesson3
420,3,surge,,vi. （人群等）蜂拥而出；（感情等）洋溢 n. （感情等的）洋溢；急剧上升,,,CET6-Lesson3
421,3,advanced,,a. 先进的；高级的；年迈的,,,CET6-Lesson3
422,3,eliminate,,vt. 排除；淘汰,,,CET6-Lesson3
423,3,utility,,n. 功用；常pl.公用事业,,,CET6-Lesson3
424,3,productivity,,n. 生产力；生产率,,,CET6-Lesson3
425,3,equivalent,,a. 相等的，等价的，相当的 n. 相等物，等价物，意义相同的词,,,CET6-Lesson3
426,3,consume,,vt. 消耗，花费；吃（完），喝（光）； （with）使着迷，充满,,,CET6-Lesson3
427,3,compact,,a. 紧凑的，小巧的；紧密的，坚实的 vt. 把…压实（或塞紧），使坚实 n. 契约，合同,,,CET6-Lesson3
428,3,output,,n. 产量；输出，输出功率 vt. 输出（信息、数据等）,,,CET6-Lesson3
429,3,atmosphere,,n. 大气；气氛,,,CET6-Lesson3
430,3,notorious,,a. 臭名昭著的,,,CET6-Lesson3
431,3,alter,,v. 改变，改动，变更,,,CET6-Lesson3
432,3,equation,,n. 方程（式），等式,,,CET6-Lesson3
433,3,reverse,,vt. 撤销；使位置颠倒；使反向 vi. 倒转，反向 n. 相反情况；反面；挫折 a. 相反的,,,CET6-Lesson3
434,3,residential,,a. 居住的，住宅的； （学生）寄宿的，（须）住宿在住所的,,,CET6-Lesson3
435,3,conventional,,a. 普通的，习惯的，常规的；符合习俗的，因循守旧的,,,CET6-Lesson3
436,3,decisive,,a. 决定性的；坚定的,,,CET6-Lesson3
437,3,boost,,vt. 提高，使增涨；推动，激励； 替…作广告，宣扬 n. 提高，增涨；推动，激励,,,CET6-Lesson3
438,3,household,,n. 家庭 a. 家庭的，家用的，普通的；家喻户晓的,,,CET6-Lesson3
439,3,consumer,,n. 消费者，用户,,,CET6-Lesson3
440,3,consumption,,n. 消耗量，消费量；消耗，消费，挥霍,,,CET6-Lesson3
441,3,flexible,,a. 易弯曲的；灵活的,,,CET6-Lesson3
442,3,payment,,n. 支付的款项；支付,,,CET6-Lesson3
443,3,thermal,,a. 热的；保暖的,,,CET6-Lesson3
444,3,specialize/-ise,,vi. 专攻,,,CET6-Lesson3
445,3,furnace,,n. 熔炉，火炉,,,CET6-Lesson3
446,3,initial,,a. 开始的，最初的 n. 常pl.（姓名等的）首字母,,,CET6-Lesson3
447,3,psychology,,n. 心理学；心理,,,CET6-Lesson3
448,3,tend,,vi. 往往会；趋向 vt. 照管,,,CET6-Lesson3
449,3,tag,,n. 标签，标牌 vt. 给…加上标签,,,CET6-Lesson3
450,3,landlord,,n. 地主，房东，店主,,,CET6-Lesson3
451,3,associate,,vt. （在思想上）把…联系在一起； 使联合，使有联系 vi. （with）结交，交往 n. 伙伴 a. 副的,,,CET6-Lesson3
452,3,label,,n. 标签，标记；称号 vt. 贴标签于；把…称为,,,CET6-Lesson3
453,3,detail,,n. 细节，详情；枝节，琐事 vt. 详述，详细说明；列举,,,CET6-Lesson3
454,3,incentive,,n. 刺激，鼓励,,,CET6-Lesson3
455,3,option,,n. 选择；选择权，选择自由； （供）选择的事物（或人），选课,,,CET6-Lesson3
456,3,buck,,n. （一）美元，（一）澳元,,,CET6-Lesson3
457,3,conserve,,vt. 保护，保存,,,CET6-Lesson3
458,3,convert,,v. （使）转变；改变信仰,,,CET6-Lesson3
459,3,portion,,n. 一部分；一份 vt. （out）分配,,,CET6-Lesson3
460,3,implement,,vt. 使生效，履行，实施 n. 工具，器具,,,CET6-Lesson3
461,3,derive,,vt. 取得，得到；追溯…的起源（或来由） vi. （from）起源，衍生,,,CET6-Lesson3
462,3,original,,a. 起初的，原来的；独创的，新颖的； 原版的，原件的 n. 原件，原作,,,CET6-Lesson3
463,3,compromise,,n. 妥协，折中办法 vi. 妥协 vt. 危及，放弃（原则、理想等）,,,CET6-Lesson3
464,3,colleague,,n. 同事，同僚,,,CET6-Lesson3
465,3,keen,,a. （on）热心的；敏锐的，敏捷的,,,CET6-Lesson3
466,3,inform,,vt. 通知 vi. 告发,,,CET6-Lesson3
467,3,mechanic,,n. 技工；-s力学，机械学； pl.（制作或操作的）过程，方法,,,CET6-Lesson3
468,3,consultant,,n. 顾问，会诊医师,,,CET6-Lesson3
469,3,gear,,n. 齿轮，传动装置； （从事某项活动所需的）用具，设备，衣服 vt. 使适应,,,CET6-Lesson3
470,3,clutch,,vi. （at）企图抓住 vt. 抓紧 n. 离合器；常pl.掌握；把握,,,CET6-Lesson3
471,3,slip,,vi. 滑（倒），滑落；溜走；下降，跌落 vt. 悄悄放进 n. 疏漏，差错,,,CET6-Lesson3
472,3,lounge,,n. 休息厅，休息室 vi. （懒洋洋地）倚，（懒散地）躺； 闲逛，闲荡,,,CET6-Lesson3
473,3,cozy/cosy,,a. （暖和）舒适的；亲切友好的,,,CET6-Lesson3
474,3,scratch,,v. 抓，搔，扒；刮擦，刻划 n. 抓，搔，刮；抓痕，划痕,,,CET6-Lesson3
475,3,mosquito,,n. 蚊子,,,CET6-Lesson3
476,3,precaution,,n. 预防，警惕,,,CET6-Lesson3
477,3,sleeve,,n. 袖子,,,CET6-Lesson3
478,3,leather,,n. 皮革，皮革制品,,,CET6-Lesson3
479,3,resort,,n. 常去之地，胜地,,,CET6-Lesson3
480,3,employee,,n. 受雇者，雇工，雇员,,,CET6-Lesson3
481,3,agent,,n. 代理人，代理商，经纪人； 政府特工人员，政府代表；动因，原因；剂,,,CET6-Lesson3
482,3,steady,,a. 稳的，平稳的；稳定的，持续的； 稳重的，坚定的 v. （使）平稳，（使）稳定,,,CET6-Lesson3
483,3,drama,,n. 戏，剧本；戏剧（艺术）,,,CET6-Lesson3
484,3,respond,,vi. 回答；（to）做出反应,,,CET6-Lesson3
485,3,concentrate,,vi. 全神贯注，全力以赴；集中，聚集 vt. 集中，聚集；浓缩,,,CET6-Lesson3
486,3,promote,,vt. 促进，增进，发扬；提升，提拔； 宣传，推销（商品等）,,,CET6-Lesson3
487,3,strengthen,,vt. 加强，巩固,,,CET6-Lesson3
488,3,passive,,a. 被动的，消极的,,,CET6-Lesson3
489,3,skeptical/sceptical,,a. 表示怀疑的,,,CET6-Lesson3
490,3,haunt,,vt. 常出没于；使苦恼； （思想、回忆等）萦绕在心头 n. 常去的地方,,,CET6-Lesson3
491,3,vanish,,vi. 突然不见；不复存在,,,CET6-Lesson3
492,3,blank,,a. 空白的，空着的；茫然的，无表情的 n. 空白（处）；空白表格,,,CET6-Lesson3
493,3,proposal,,n. 提议，建议；求婚,,,CET6-Lesson3
494,3,reality,,n. 现实，实际；真实,,,CET6-Lesson3
495,3,integrate,,v. （使）成为一体,,,CET6-Lesson3
496,3,upgrade,,vt. 提升，使升级 n. 向上的斜坡,,,CET6-Lesson3
497,3,distribution,,n. 分发，分配；散布，分布,,,CET6-Lesson3
498,3,freight,,n. （运输中的）货物，货运 vt. 运送（货物），装货于（船等）,,,CET6-Lesson3
499,3,executive,,n. 主管，高级行政人员； （政府的）行政部门 a. 执行的，行政的,,,CET6-Lesson3
500,3,calculate,,vt. 计算；计划,,,CET6-Lesson3
501,3,jam,,n. 果酱；拥挤 vt. 将…塞进，堵塞,,,CET6-Lesson3
502,3,reform,,vt. 改革，改良，改造 vi. 改正，改过自新 n. 改革，改良，改造,,,CET6-Lesson3
503,3,bankrupt,,a. 破产的，彻底失败的；彻底缺乏的 vt. 使破产，使枯竭,,,CET6-Lesson3
504,3,physician,,n. 内科医生,,,CET6-Lesson3
505,3,priest,,n. 神父，牧师,,,CET6-Lesson3
506,3,recovery,,n. 恢复；追回,,,CET6-Lesson3
507,3,expectation,,n. 期待，预期；pl.前程，成功的前景,,,CET6-Lesson3
508,3,substance,,n. 物质；实质；大意，要旨；根据，理由,,,CET6-Lesson3
509,3,positive,,a. 确实的；积极的；正的,,,CET6-Lesson3
510,3,indicate,,vt. 标示；表明,,,CET6-Lesson3
511,3,integral,,a. 构成整体所必需的,,,CET6-Lesson3
512,3,division,,n. 分，分开，分隔；分配，分担； 分歧，分裂；除（法）；部门,,,CET6-Lesson3
513,3,profession,,n. 职业，自由职业,,,CET6-Lesson3
514,3,fame,,n. 声誉，名望，名声,,,CET6-Lesson3
515,3,abuse,,n./vt. 滥用，妄用；虐待，伤害；辱骂，毁谤,,,CET6-Lesson3
516,3,effective,,a. 有效的,,,CET6-Lesson3
517,3,remedy,,n. 补救办法，纠正办法； 药品，治疗法 vt. 补救，纠正；医治，治疗,,,CET6-Lesson3
518,3,extreme,,a. 极度的，极端的；尽头的，末端的 n. 极端，过分,,,CET6-Lesson3
519,3,sensation,,n. （感官的）感觉能力；感觉； 轰动，引起轰动的事件（或人物）,,,CET6-Lesson3
520,3,emotion,,n. 情感，感情，激情,,,CET6-Lesson3
521,3,horror,,n. 恐怖；憎恶；令人恐怖的事物（或人）,,,CET6-Lesson3
522,3,involve,,vt. 包含；使卷入；牵涉,,,CET6-Lesson3
523,3,defy,,vt. 违抗；使成为不可能；挑,,,CET6-Lesson3
524,3,indulge,,vt. 使…沉溺于，满足（自己的欲望等）；纵容 vi. （in）沉溺，纵容自己,,,CET6-Lesson3
525,3,fake,,n. 假货，赝品；骗子，冒充者 a. 假的，伪造的，冒充的 vt. 伪造，捏造；伪装,,,CET6-Lesson3
526,3,occasional,,a. 偶尔的,,,CET6-Lesson3
527,3,remark,,vt./vi 说，评论 n. 话语,,,CET6-Lesson3
528,3,vague,,a. 含糊的，模糊的,,,CET6-Lesson3
529,3,private,,a. 私人的，个人的；秘密的，私下的； 私立的，私营的 n. 士兵，列兵,,,CET6-Lesson3
530,3,expose,,vt. 暴露，显露；（to）使处于…作用（或影响）之下，曝光,,,CET6-Lesson3
531,3,sensitive,,a. 敏感的，灵敏的；神经过敏的，容易生气的； 易受伤害的,,,CET6-Lesson3
532,3,cue,,n. 暗示，信号；提示 vt. 提示，暗示,,,CET6-Lesson3
533,3,betray,,vt. 背叛，出卖；失信于，辜负；泄露（秘密等）； （非故意地）暴露，显露,,,CET6-Lesson3
534,3,negotiate,,vt. 洽谈，协商；顺利通过，成功越过vi. 协商，谈判,,,CET6-Lesson3
535,3,exclude,,vt. 把…排斥在外,,,CET6-Lesson3
536,3,evident,,a. 明显的，明白的,,,CET6-Lesson3
537,3,corporate,,a. 公司的；全体的,,,CET6-Lesson3
538,3,specialist,,n. 专家,,,CET6-Lesson3
539,3,opportunity,,n. 机会,,,CET6-Lesson3
540,3,equip,,vt. 装备；使有准备,,,CET6-Lesson3
541,3,initiate,,vt. 开始，创始；使初步了解；接纳（新成员） n. 新加入组织的人,,,CET6-Lesson3
542,3,internal,,a. 内的，内部的；国内的，内政的；内心的,,,CET6-Lesson3
543,3,campaign,,n. 运动，宣传活动；战役 vi. 参加（或发起）运动，参加竞选,,,CET6-Lesson3
544,3,shift,,v. 移动；改变 n. 转换；（轮）班,,,CET6-Lesson3
545,3,benefit,,n. 益处，好处；救济金，保险金 vt. 有益于vi. 得益,,,CET6-Lesson3
546,3,schedule,,n. 时刻表，日程安排表；清单，明细表 vt. 安排，排定,,,CET6-Lesson3
547,3,cope,,vi. （with）（成功地）应付，处理,,,CET6-Lesson3
548,3,occupation,,n. 工作，职业；（人）从事的活动，消遣； 占领，占据,,,CET6-Lesson3
549,3,gauge,,n. 测量仪表；（标准）规格，尺度 vt. 估计，判断；计量，度量,,,CET6-Lesson3
550,3,suspect,,vt. 推测；对…表示怀疑 n. 嫌疑犯，可疑分子 a. 可疑的,,,CET6-Lesson3
551,3,acquaintance,,n. 相识的人，熟人；认识，相识，了解,,,CET6-Lesson3
552,3,inferior,,a. 劣等的，下级的 n. 下级,,,CET6-Lesson3
553,3,treatment,,n. 治疗；对待,,,CET6-Lesson3
554,3,tone,,n. 腔调；音，音调 vt. （up）增强,,,CET6-Lesson3
555,3,assume,,vt. 假定，假设，臆断；承担，担任，就职； 呈现，具有，采取,,,CET6-Lesson3
556,3,cordial,,a. 热情友好的，热诚的,,,CET6-Lesson3
557,3,representative,,n. 代表，代理人 a. （of）有代表性的，典型的,,,CET6-Lesson3
558,3,courtesy,,n. 谦恭有礼，有礼貌的举止（或言辞）,,,CET6-Lesson3
559,3,fortunately,,ad. 幸运地，幸亏,,,CET6-Lesson3
560,3,definition,,n. 定义；清晰度,,,CET6-Lesson3
561,3,cater,,"vi. （for, to）满足需要，迎合",,,CET6-Lesson3
562,3,manual,,a. 用手的，手工的，体力的 n. 手册,,,CET6-Lesson3
563,3,intend,,vt. 想要，打算，计划；打算使（成为），想让…做,,,CET6-Lesson3
564,3,absorb,,vt. 吸收；使全神贯注；吸引…的注意,,,CET6-Lesson3
565,3,absent,,a. 缺席的，不在场的；缺乏的，不存在的； 心不在焉的，出神的,,,CET6-Lesson3
566,4,mere,,a. 仅仅的，只不过的；纯粹的,,,CET6-Lesson4
567,4,embarrass,,vt. 使窘，使尴尬,,,CET6-Lesson4
568,4,destined,,a. 命中注定的，预定的； （for）以…为目的地的,,,CET6-Lesson4
569,4,arouse,,vt. 引起，激起，唤起；唤醒,,,CET6-Lesson4
570,4,sympathy,,n. 同情，同情心； （思想感情上的）支持，赞同,,,CET6-Lesson4
571,4,humble,,a. 谦逊的； 地位（或身份）低下的，卑贱的；简陋的 vt. 使谦恭,,,CET6-Lesson4
572,4,hunt,,n./v. 打猎；搜寻；驱逐，追逐,,,CET6-Lesson4
573,4,fate,,n. 命运,,,CET6-Lesson4
574,4,column,,n. 柱，圆柱；纵队；专栏,,,CET6-Lesson4
575,4,core,,n. 果心；核心，要点,,,CET6-Lesson4
576,4,echo,,n. 回音，回声，共鸣 vi. 发出回声，产生共鸣 vt. 模仿，重复，附和,,,CET6-Lesson4
577,4,outrage,,n. 义愤，愤慨；暴行，骇人听闻的事件 vt. 激起…的义愤，激怒,,,CET6-Lesson4
578,4,coverage,,n. 新闻报道；覆盖范围,,,CET6-Lesson4
579,4,former,,a. 以前的 n. (the ~)前者,,,CET6-Lesson4
580,4,politics,,n. 政治，政治学；政纲,,,CET6-Lesson4
581,4,given,,a. 假设的，已知的,,,CET6-Lesson4
582,4,congress,,n. 代表大会；国会，议会,,,CET6-Lesson4
583,4,wage,,n. (常pl.)工资 vt. 开始,,,CET6-Lesson4
584,4,governor,,n.地方长官；州长；主管,,,CET6-Lesson4
585,4,solidarity,,n. 团结一致,,,CET6-Lesson4
586,4,obstacle,,n. 障碍（物），妨碍,,,CET6-Lesson4
587,4,reciprocal,,a. 相互的，互惠的,,,CET6-Lesson4
588,4,allocate,,vt. 分配，分派,,,CET6-Lesson4
589,4,conflict,,n. 冲突，抵触，争论；战斗，战争 vi. 冲突，抵触,,,CET6-Lesson4
590,4,welfare,,n. 福利；福利救济,,,CET6-Lesson4
591,4,despite,,prep. 不管，尽管,,,CET6-Lesson4
592,4,conscious,,a. 意识到的；神志清醒的；自觉的；有意的,,,CET6-Lesson4
593,4,contribute,,vi. 捐款，做出贡献； （to）有助于，促成；投稿 vt. 捐，捐献,,,CET6-Lesson4
594,4,threaten,,vt. 威胁，恐吓；预示（危险）快要来临 vi. 构成威胁，可能发生,,,CET6-Lesson4
595,4,barrier,,n. 栅栏，关卡；障碍,,,CET6-Lesson4
596,4,mathematical,,a. 数学（上）的,,,CET6-Lesson4
597,4,physicist,,n. 物理学家,,,CET6-Lesson4
598,4,relativity,,n. 相对论；相关性,,,CET6-Lesson4
599,4,triumph,,n. 胜利，成功；（胜利或成功的）喜悦 vi. 获胜，得胜，成功,,,CET6-Lesson4
600,4,anxiety,,n. 焦虑，挂虑；渴望,,,CET6-Lesson4
601,4,concept,,n. 概念，观念，思想,,,CET6-Lesson4
602,4,gravity,,n. 重力；严重；严肃,,,CET6-Lesson4
603,4,curve,,n. 曲线，弧线；弯曲部，弯曲处 v. （使）弯曲，（使）成曲线,,,CET6-Lesson4
604,4,flaw,,n. 缺点，瑕疵，缺陷,,,CET6-Lesson4
605,4,learned,,a. 有学问的，博学的；学术的,,,CET6-Lesson4
606,4,frantic,,a. 慌乱不安的，紧张纷乱的； （因恐惧、焦急等）发疯似的，发狂的,,,CET6-Lesson4
607,4,endeavo(u)r,,vt./n. 努力，尝试,,,CET6-Lesson4
608,4,proof,,n. 证据；校样 a. 耐…的,,,CET6-Lesson4
609,4,update,,vt. 更新，使现代化 n. 最新信息,,,CET6-Lesson4
610,4,academy,,n. 研究院，学会；（中等以上）专门学校,,,CET6-Lesson4
611,4,precise,,a. 精确的，准确的；严谨的,,,CET6-Lesson4
612,4,engage,,vt. 吸引，占用（时间、精力等）； 从事于；雇，聘；使订婚 vi. （in）参加,,,CET6-Lesson4
613,4,awkward,,a. 尴尬的，棘手的；难操纵的，使用不便的； 笨拙的，不灵巧的,,,CET6-Lesson4
614,4,convince,,vt. 使确信，使信服,,,CET6-Lesson4
615,4,counsel,,n. 律师，法律顾问；忠告，劝告 vt. 劝告，提议,,,CET6-Lesson4
616,4,preach,,vt. 宣讲（教义），布（道）；竭力鼓吹，宣传 vi. 布道，说教,,,CET6-Lesson4
617,4,amid,,prep. 在…中间，在…之中,,,CET6-Lesson4
618,4,emit,,vt. 发出（光、热、声音等），射出,,,CET6-Lesson4
619,4,emerge,,vi. 出现，暴露，（from）浮现；发生,,,CET6-Lesson4
620,4,submerge,,vi. 潜入水中 vt. 浸没，淹没,,,CET6-Lesson4
621,4,imitate,,vt. 模仿；仿制，仿造,,,CET6-Lesson4
622,4,ascribe,,vt. （to）把…归因于，把…归属于,,,CET6-Lesson4
623,4,resolve,,vt. 解决，解答；决定，决意； （into）分解 vi. 决定，决意 n. 决心，决意,,,CET6-Lesson4
624,4,contest,,n. 竞赛，比赛；争夺，竞争 vt. 争夺；对…提出质疑,,,CET6-Lesson4
625,4,contend,,vi. 争夺；争夺；搏斗 vt. 声称,,,CET6-Lesson4
626,4,compatible,,a. 兼容的；合得来的,,,CET6-Lesson4
627,4,comparative,,a. 比较的，相对的,,,CET6-Lesson4
628,4,excitement,,n. 刺激，激动，兴奋； 令人兴奋的事，刺激的因素,,,CET6-Lesson4
629,4,extinct,,a. 灭绝的； （火山等）不再活跃的，熄灭了的，（风俗等）已废弃的,,,CET6-Lesson4
630,4,huddle,,vi. 挤成一团；把身子蜷成一团；蜷缩 vt. 使聚集在一起 n. 挤在一起的人，一堆杂乱的东西,,,CET6-Lesson4
631,4,hop,,vi. （人）单足跳跃，单足跳行； （鸟、昆虫等）齐足跳跃，齐足跳行 vt. 跳上,,,CET6-Lesson4
632,4,dash,,vi. 猛冲，飞奔 vt. 猛掷，使猛撞 n. 猛冲，飞奔；破折号,,,CET6-Lesson4
633,4,dart,,vi. 猛冲 vt. 投射 n. 飞镖；急驰,,,CET6-Lesson4
634,4,reel,,"n. 卷轴，卷筒，卷盘 vi. 摇摇晃晃地移动，蹒跚；眩晕，发昏 vt. （in, up）卷，绕",,,CET6-Lesson4
635,4,successive,,a. 接连的，连续的,,,CET6-Lesson4
636,4,progressive,,a. 进步的，先进的； 前进的，渐进的，累进的,,,CET6-Lesson4
637,4,extensive,,a. 广阔的；广大的；广泛的,,,CET6-Lesson4
638,4,furious,,a. 狂怒的；强烈的,,,CET6-Lesson4
639,4,ambitious,,a. 有抱负的；有野心的,,,CET6-Lesson4
640,4,ambiguous,,a. 模棱两可的；含糊不清的,,,CET6-Lesson4
641,4,communication,,n. 交流，交际，通讯； [pl.]通信（或交通）工具,,,CET6-Lesson4
642,4,prompt,,vt. 促使，推动；提示 a. 敏捷的，及时的，迅速的 n. 提词，提示,,,CET6-Lesson4
643,4,resign,,vi./vt. 辞职；放弃；（to）使顺从,,,CET6-Lesson4
644,4,whereas,,conj. 然而，但是,,,CET6-Lesson4
645,4,instinct,,n. 本能；生性，天性,,,CET6-Lesson4
646,4,witness,,n. 目击者，见证人；证据，证言 vt. 目击，注意到；为…作证，证明,,,CET6-Lesson4
647,4,court,,n. 法庭；球场；宫廷；院子；庭院,,,CET6-Lesson4
648,4,fulfil(l),,vt. 实现；履行；满足，使满意,,,CET6-Lesson4
649,4,creative,,a. 有创造力的；创造（性）的,,,CET6-Lesson4
650,4,veteran,,n. 老兵；老手；经验丰富的人,,,CET6-Lesson4
651,4,possibility,,n. 可能（性)；可能的事,,,CET6-Lesson4
652,4,workshop,,n. 车间；工厂；研讨会,,,CET6-Lesson4
653,4,seminar,,n. （大学的）研究班，研讨会,,,CET6-Lesson4
654,4,coach,,n. 教练；长途公共汽车；（铁路）旅客车厢 vt. 指导,,,CET6-Lesson4
655,4,dentist,,n. 牙科医生,,,CET6-Lesson4
656,4,assess,,vt. 对…进行估价；评论,,,CET6-Lesson4
657,4,passion,,n. 激情；酷爱,,,CET6-Lesson4
658,4,pursue,,vt. 继续；追赶；追求,,,CET6-Lesson4
659,4,steer,,vt. 驾驶；引导 vi. 驾驶,,,CET6-Lesson4
660,4,commitment,,n. 承诺；信奉；承担的义务,,,CET6-Lesson4
661,4,aspect,,n. 方面；朝向；外观,,,CET6-Lesson4
662,4,investigate,,v. 调查，调查研究,,,CET6-Lesson4
663,4,interact,,vi. 相互作用,,,CET6-Lesson4
664,4,retail,,v./n./ad. 零售,,,CET6-Lesson4
665,4,frustrate,,vt. 使沮丧；挫败,,,CET6-Lesson4
666,4,exhibit,,vt. 显示；展览 n. 展览品,,,CET6-Lesson4
667,4,candidate,,n. 申请求职者；候选人,,,CET6-Lesson4
668,4,attain,,vt. 达到，获得,,,CET6-Lesson4
669,4,odd,,a. 奇特的，古怪的；临时的； 单的，不成对的；奇数的；剩余的 n. （pl.）可能性,,,CET6-Lesson4
670,4,judg(e)ment,,n. 看法，评价；判断，判断力；审判,,,CET6-Lesson4
671,4,personality,,n. 个性；人物,,,CET6-Lesson4
672,4,confidence,,n. 信任；信心,,,CET6-Lesson4
673,4,intelligent,,a. 聪明的,,,CET6-Lesson4
674,4,embrace,,vt./n. 拥抱，怀抱；包括，包围,,,CET6-Lesson4
675,4,statement,,n. 声明；结算单；报表,,,CET6-Lesson4
676,4,related,,a. 与…有亲戚关系的；有关系的,,,CET6-Lesson4
677,4,tender,,a. 嫩的；疼痛的；温柔的 vt. （正式）提出 vi. （for）投标 n. 投标,,,CET6-Lesson4
678,4,appropriate,,a. 适当的,,,CET6-Lesson4
679,4,philosopher,,n. 哲学家,,,CET6-Lesson4
680,4,pursuit,,n. 追求；追赶；（常pl.）（花时间和精力的）事，嗜好,,,CET6-Lesson4
681,4,ideal,,a. 理想的；想象的，空想的 n. 理想；理想的东西（或人）,,,CET6-Lesson4
682,4,sacrifice,,n. 牺牲，舍身；献祭，供奉；祭品 vt. 牺牲，献出；献祭,,,CET6-Lesson4
683,4,summit,,n. （山等的）最高点；最高级会议； 顶峰，极点,,,CET6-Lesson4
684,4,quest,,n. 寻求，搜索，追求,,,CET6-Lesson4
685,4,volunteer,,n. 志愿者；志愿兵 vt. 自愿（做）；自愿提供 vi. 自愿，志愿当兵,,,CET6-Lesson4
686,4,considering,,prep.就...来说；考虑到,,,CET6-Lesson4
687,4,surf,,v. 冲浪；上网浏览信息 n. 激浪,,,CET6-Lesson4
688,4,generous,,a. 慷慨的；宽宏大量的,,,CET6-Lesson4
689,4,comment,,n. 评论；闲话 vt. 评论,,,CET6-Lesson4
690,4,doubtful,,a.难以预测的，可疑的,,,CET6-Lesson4
691,4,optimistic,,a. 乐观（主义）的,,,CET6-Lesson4
692,4,impression,,n. 印象，感觉；印记,,,CET6-Lesson4
693,4,exhaust,,vt. 使筋疲力尽；用光，耗尽； 详尽论述 n. 排气装置,,,CET6-Lesson4
694,4,impress,,vt. 给…以深刻的印象,,,CET6-Lesson4
695,4,depress,,vt. 使沮丧；削弱；使不景气,,,CET6-Lesson4
696,4,alcohol,,n. 含酒精的饮料，酒精,,,CET6-Lesson4
697,4,champagne,,n. 香槟酒,,,CET6-Lesson4
698,4,entertain,,vt. 招待，款待；给…娱乐，使快乐 vi. 招待，请客,,,CET6-Lesson4
699,4,expense,,n. 花费；（pl.）开支,,,CET6-Lesson4
700,4,lessen,,v. 减少，减轻,,,CET6-Lesson4
701,4,refrain,,vi. （from）抑制，戒除,,,CET6-Lesson4
702,4,obligation,,n. 义务，责任,,,CET6-Lesson4
703,4,specific,,a. 特定的；明确的 n. （pl.）详情，细节,,,CET6-Lesson4
704,4,correspondence,,n. 信件，函件；通信； 符合，一致，相似,,,CET6-Lesson4
705,4,collection,,n. 收藏品；收集；聚集,,,CET6-Lesson4
706,4,resolution,,n. 正式决定，决议；决心，决意； 解决，解答,,,CET6-Lesson4
707,4,evaporate,,vi./vt. 蒸发；消失,,,CET6-Lesson4
708,4,discount,,n. （价格、债款等）折扣 vt. 把…打折扣；漠视,,,CET6-Lesson4
709,4,intention,,n. 意图，目的,,,CET6-Lesson4
710,4,calorie,,n. 大卡；卡（路里）,,,CET6-Lesson4
711,4,conclusion,,n. 结论；结尾；闭结,,,CET6-Lesson4
712,4,abandon,,vt. 丢弃；抛弃；放弃,,,CET6-Lesson4
713,4,ultimate,,a.极端的；最后的； n. 终极,,,CET6-Lesson4
714,4,illustrate,,vt. 说明；给…做插图说明,,,CET6-Lesson4
715,4,collide,,vi. 碰撞，互撞；冲突，抵触,,,CET6-Lesson4
716,4,trap,,n. 陷阱，捕捉器；圈套；困境 vt. 设陷阱捕捉；使中圈套,,,CET6-Lesson4
717,4,crawl,,n. 爬行；缓慢地行进,,,CET6-Lesson4
718,4,shatter,,vt. 使粉碎；使破灭 vi. 碎裂,,,CET6-Lesson4
719,4,rear,,n. 后部，尾部，背面；后方 a. 后部的，后面的 vt. 抚养，饲养，种植,,,CET6-Lesson4
720,4,infant,,n. 婴儿 a. 婴儿的，幼稚的,,,CET6-Lesson4
721,4,enclose,,vt. 围住；把…转入信封；附入,,,CET6-Lesson4
722,4,flame,,n. 火焰，火舌,,,CET6-Lesson4
723,4,heroic,,a. 英雄的，英勇的,,,CET6-Lesson4
724,4,adopt,,vt. 收养；采用，采取，批准,,,CET6-Lesson4
725,4,remarkable,,a. 值得注意的，非凡的,,,CET6-Lesson4
726,4,unfold,,vi. 展开；打开；显露 vt. 展现,,,CET6-Lesson4
727,4,clip,,n. 夹子，回形针；弹夹；剪；剪报，片断 vt. 夹住；修剪；削减,,,CET6-Lesson4
728,4,rescue,,vt./n. 营救，救援,,,CET6-Lesson4
729,4,skim,,vt. 撇（去）；掠过；浏览 vi. 浏览，略读,,,CET6-Lesson4
730,4,reveal,,vt. 揭露，泄露；展现，显示,,,CET6-Lesson4
731,4,divorce,,n./vi. 离婚，分离vt. 与…离婚,,,CET6-Lesson4
732,4,misfortune,,n. 不幸，逆境，不幸事故,,,CET6-Lesson4
733,4,miserable,,a. 痛苦的，令人难受的，悲惨的,,,CET6-Lesson4
734,4,industrialize/-ise,,v. （使）工业化,,,CET6-Lesson4
735,4,exceed,,vt. 超过，越出,,,CET6-Lesson4
736,4,log,,vt. 正式记录,,,CET6-Lesson4
737,4,shrink,,vi. 起皱；退缩 vt. 使起皱,,,CET6-Lesson4
738,4,stiff,,a. 硬的，僵直的；不灵活的；拘谨的； 艰难的；（风等）强烈的 ad. 僵硬地,,,CET6-Lesson4
739,4,rank,,n. 军衔；地位； （the pl.）（政党、组织等的）普通成员；排 vt. 把…分等 vi. 列入，（在序列中）占特定等级,,,CET6-Lesson4
740,4,preserve,,vt. 保护；保存；腌制,,,CET6-Lesson4
741,4,estimate,,n. 估计，估量；评价，看法 vt. 估计，估量,,,CET6-Lesson4
742,4,legal,,a. 法律（上）的；合法的，法定的,,,CET6-Lesson4
743,4,physical,,a. 身体的，物理的，物质的 n. 体检,,,CET6-Lesson4
744,4,coordinate,,vt. 调节，协调 n. 座标 a. 同等的,,,CET6-Lesson4
745,4,prime,,a. 首要的；最好的,,,CET6-Lesson4
746,4,disturb,,vt. 打扰；使不安；弄乱,,,CET6-Lesson4
747,4,disrupt,,vt. 使中断，扰乱,,,CET6-Lesson4
748,4,isolate,,vt. 使隔离，使孤立,,,CET6-Lesson4
749,4,evidently,,ad. 明显地，显然,,,CET6-Lesson4
750,4,critical,,a. 关键性的；决定性的；批评的,,,CET6-Lesson4
751,4,provided,,conj. 假如，若是,,,CET6-Lesson4
752,4,headquarters,,n. （机构、企业等的）总部，总店； 司令部，指挥部,,,CET6-Lesson4
753,4,collapse,,vi./n. 倒坍；崩溃,,,CET6-Lesson4
754,4,engine,,n. 发动机，引擎；机车；火车头,,,CET6-Lesson4
755,4,fascinating,,a. 迷人的,,,CET6-Lesson4
756,4,series,,n. 一系列；（电视）连续剧,,,CET6-Lesson4
757,4,orientation,,n. 方向，熟悉情况,,,CET6-Lesson4
758,4,devise,,vt. 发明，策划，想出,,,CET6-Lesson4
759,4,factor,,n. 因素，要素,,,CET6-Lesson4
760,4,creation,,n. 创造；产物；宇宙,,,CET6-Lesson4
761,4,venture,,n. 风险投资 vi. 冒险 vt. 敢于；拿…冒险，冒…的险,,,CET6-Lesson4
762,5,stroke,,n. 中风；击；笔划,,,CET6-Lesson5
763,5,invention,,n. 发明，捏造，发明的才能；创造,,,CET6-Lesson5
764,5,revenue,,n. 收入，收益；税收,,,CET6-Lesson5
765,5,apart,,ad. 相间隔；分开 a. 分离的,,,CET6-Lesson5
766,5,originate,,"vi. （in, from, with）起源于，来自，产生 vt. 创造，创始",,,CET6-Lesson5
767,5,appearance,,n. 出现；外表,,,CET6-Lesson5
768,5,poverty,,n. 贫穷，贫困,,,CET6-Lesson5
769,5,dread,,vt. 担忧；畏惧；惧怕 n. 担忧,,,CET6-Lesson5
770,5,depression,,n. 抑郁；萧条；不景气,,,CET6-Lesson5
771,5,boom,,n. （营业等）激增，（经济等的）繁荣；隆隆声 vi. 繁荣，迅速发展；发出隆隆声,,,CET6-Lesson5
772,5,evil,,a. 邪恶的 n. 邪恶，罪恶,,,CET6-Lesson5
773,5,inflation,,n. 通货膨胀；膨胀,,,CET6-Lesson5
774,5,squeeze,,vt. 挤，挤出；压榨，榨取；捏 vi. 挤，挤入，挤过 n. 挤；握（手）；拮据,,,CET6-Lesson5
775,5,stability,,n. 稳定，稳固,,,CET6-Lesson5
776,5,previous,,a. 以前的，在...之前,,,CET6-Lesson5
777,5,stem,,n. 茎，干；词干 vi. （from）起源于 vt. 堵住，止住,,,CET6-Lesson5
778,5,misery,,n. 痛苦，苦难；悲惨的境遇,,,CET6-Lesson5
779,5,contradiction,,n. 矛盾，不一致；否认，反驳,,,CET6-Lesson5
780,5,loose,,a. 松的；不精确的；自由的,,,CET6-Lesson5
781,5,liberate,,vt. 解放，使获自由；释出,,,CET6-Lesson5
782,5,individual,,a. 个别的，单独的，个人的；独特的 n. 个人，个体,,,CET6-Lesson5
783,5,promising,,a. 有希望的；有前途的,,,CET6-Lesson5
784,5,extravagant,,a. 奢侈的，过度的,,,CET6-Lesson5
785,5,inspire,,vt. 鼓舞；给…以灵感,,,CET6-Lesson5
786,5,breakdown,,n. 垮台；（健康、精神等）衰竭； （机器等的）损坏；分类,,,CET6-Lesson5
787,5,statistic,,n. 统计数值；统计资料；统计学,,,CET6-Lesson5
788,5,dominate,,vt. 在…中占首要地位；支配； 耸立于，俯视 vi. 处于支配地位,,,CET6-Lesson5
789,5,conservative,,a. 保守的；（式样等）不时新的 n. 保守的人,,,CET6-Lesson5
790,5,withdraw,,vt. 提取，收回；撤销；撤退 vi. 缩回，退出，撤退,,,CET6-Lesson5
791,5,domestic,,a. 国内的，家庭的，驯养的,,,CET6-Lesson5
792,5,typical,,a. 典型的，有代表性的,,,CET6-Lesson5
793,5,refine,,vt. 精炼，精制；使优美,,,CET6-Lesson5
794,5,elevate,,vt. 提高；举起,,,CET6-Lesson5
795,5,feminine,,a. 女性的；女子气的,,,CET6-Lesson5
796,5,grace,,n. 优美，优雅；（常pl.）风度，魅力 vt. 使优美，给…增光,,,CET6-Lesson5
797,5,observe,,vt. 注意到，察觉到；观察； 评说，评论；遵守，奉行,,,CET6-Lesson5
798,5,conform,,"vi. （to, with）遵守，适应，顺从； 一致，符合",,,CET6-Lesson5
799,5,considerable,,a. 相当大（或多）的,,,CET6-Lesson5
800,5,reserve,,vt. 保留；预订 n. 储备（物）； 保留，（言语、行动的）拘谨；替补队员,,,CET6-Lesson5
801,5,sentiment,,n. 意见；感情,,,CET6-Lesson5
802,5,corruption,,n. 腐败，贪污,,,CET6-Lesson5
803,5,morality,,n. 道德，（行为等的）道德性；德行，品行；道德观,,,CET6-Lesson5
804,5,poll,,n. 民意测验；（常pl.）政治选举，大选 vt. 对…进行民意测验；获得（…张选票）,,,CET6-Lesson5
805,5,exceedingly,,ad. 非常，极其,,,CET6-Lesson5
806,5,pitch,,vt. 投掷；使猛然倒下； （用某种方式或水平）表达,,,CET6-Lesson5
807,5,authority,,n. 权力，管辖权；（pl.）官方，当局； 当权者，行政管理机构；权威，专家,,,CET6-Lesson5
808,5,masculine,,a. 男性的，男子气的,,,CET6-Lesson5
809,5,adolescent,,n. 青少年 a. 青春期的,,,CET6-Lesson5
810,5,contemporary,,a. 当代的；同时代的 n. 同代人,,,CET6-Lesson5
811,5,stereotype,,n. 陈规，老套，固定的模式（或形象） vt. 对…形成固定看法,,,CET6-Lesson5
812,5,confuse,,vt. 使困惑；混淆；混乱,,,CET6-Lesson5
813,5,indication,,n. 指示；象征,,,CET6-Lesson5
814,5,defiance,,n. 违抗，藐视,,,CET6-Lesson5
815,5,inevitable,,a. 不可避免的,,,CET6-Lesson5
816,5,logic,,n. 逻辑（学），逻辑性,,,CET6-Lesson5
817,5,rational,,a. 理性的；合理的,,,CET6-Lesson5
818,5,hurricane,,n. 飓风,,,CET6-Lesson5
819,5,grant,,n. 拨款 vt. 授予，同意,,,CET6-Lesson5
820,5,spot,,n. 地点；污点；少量 vt. 认出；玷污,,,CET6-Lesson5
821,5,volcano,,n. 火山,,,CET6-Lesson5
822,5,erupt,,vi. （火山、喷泉等）喷发，（岩浆等）喷出； （战争、危机、问题等）爆发,,,CET6-Lesson5
823,5,threat,,n. 威胁；凶兆，征兆,,,CET6-Lesson5
824,5,gulf,,n. 海湾；鸿沟,,,CET6-Lesson5
825,5,corps,,n. 队，部队；一组,,,CET6-Lesson5
826,5,disabled,,a. 丧失能力的；有残疾的,,,CET6-Lesson5
827,5,apparent,,a. 显然的；表面上的,,,CET6-Lesson5
828,5,visual,,a. 视觉的，看得见的,,,CET6-Lesson5
829,5,vivid,,a. 生动的，栩栩如生的；鲜艳的,,,CET6-Lesson5
830,5,protest,,n. 抗议，反对 v. 抗议，反对,,,CET6-Lesson5
831,5,prevail,,"vi. 流行，盛行；（over）获胜，占优势； （on, upon）说服",,,CET6-Lesson5
832,5,rarely,,ad. 不常，难得,,,CET6-Lesson5
833,5,accidental,,a. 意外的,,,CET6-Lesson5
834,5,spur,,n. 刺激（物） vt. 激励，促进,,,CET6-Lesson5
835,5,splash,,v. 溅，泼 n. 溅泼声；溅出的水（或泥浆等）；（光、色等的）斑点,,,CET6-Lesson5
836,5,ensue,,vi. 接着发生，接踵而来,,,CET6-Lesson5
837,5,trace,,vt. 查出；追溯；描摹 n. 痕迹；微量,,,CET6-Lesson5
838,5,exile,,n./vt. 流放，放逐，被流放者,,,CET6-Lesson5
839,5,evacuate,,vt. 转移，撤离,,,CET6-Lesson5
840,5,displace,,vt. 取代，替代； 迫使…离开家园，使离开原位,,,CET6-Lesson5
841,5,convention,,n. 习俗，惯例；公约，协议；（正式）会议,,,CET6-Lesson5
842,5,overseas,,ad. 在（或向）海外；在国外 a. （在）海外的,,,CET6-Lesson5
843,5,deprive,,vt. （of）剥夺，使丧失,,,CET6-Lesson5
844,5,vain,,a. 徒劳的，无效的；自负的,,,CET6-Lesson5
845,5,decade,,n. 十年，十年期,,,CET6-Lesson5
846,5,endow,,vt. 捐赠，向…捐钱（或物）； （with）赋予，认为…具有某种特质,,,CET6-Lesson5
847,5,literature,,n. 文学；文学作品；文献,,,CET6-Lesson5
848,5,electronic,,a. 电子的 n. （-s）电子学；电子设备,,,CET6-Lesson5
849,5,region,,n. 地区，区域；范围,,,CET6-Lesson5
850,5,ethnic,,a. 种族的,,,CET6-Lesson5
851,5,provision,,n. 供应；准备；条款 （pl.）给养,,,CET6-Lesson5
852,5,patriot,,n. 爱国者，爱国主义者,,,CET6-Lesson5
853,5,federal,,a. 联邦（制）的；联邦政府的,,,CET6-Lesson5
854,5,democratic,,a. 民主的，有民主精神的,,,CET6-Lesson5
855,5,analyze/-yse,,vt. 分析，细察,,,CET6-Lesson5
856,5,undermine,,vt. 暗中破坏，逐渐削弱；侵蚀…的基础,,,CET6-Lesson5
857,5,democracy,,n. 民主，民主国家,,,CET6-Lesson5
858,5,flourish,,vi. 茂盛，兴旺 vt. 挥动,,,CET6-Lesson5
859,5,existence,,n. 存在；生存,,,CET6-Lesson5
860,5,deem,,vt. 认为，视为,,,CET6-Lesson5
861,5,tourism,,n. 游览，观光；旅游业,,,CET6-Lesson5
862,5,reservation,,n. （住处、座位等的）预订；保留； （美国印第安部落的）居留地,,,CET6-Lesson5
863,5,administration,,n. 管理，经营，支配； 管理部门，行政机关；执行，实行,,,CET6-Lesson5
864,5,rocket,,n. 火箭 vi. 迅速上升,,,CET6-Lesson5
865,5,bound,,a. 一定的，受约束的，必然的 vi. 跳跃；弹回 vt. 给…划界 n. 跳跃；（常pl.）界限,,,CET6-Lesson5
866,5,blast,,n. 爆炸；一阵，一股 vt. 炸,,,CET6-Lesson5
867,5,incredible,,a. 不可信的；难以置信的,,,CET6-Lesson5
868,5,approve,,vt. 赞成，同意；批准，核准 vi. （of）赞成，称许,,,CET6-Lesson5
869,5,invest,,vt. 投资；投入（时间、精力等）； 授予，赋予 vi. （in）投资,,,CET6-Lesson5
870,5,verge,,n. 边，边缘 vi. （on）接近，濒临,,,CET6-Lesson5
871,5,conclude,,vt. 推断出 vi. 结束，闭结,,,CET6-Lesson5
872,5,reliable,,a. 可靠的，可信赖的,,,CET6-Lesson5
873,5,launch,,"vt. 发动，发起（运动），推出（产品）； （into, in）使开始从事； 使（船）下水；发射 n. 发射，（船）下水，（新产品）投产",,,CET6-Lesson5
874,5,accommodation,,n. （常pl.）住处，膳宿,,,CET6-Lesson5
875,5,participant,,n. 参加者，参与者,,,CET6-Lesson5
876,5,resemble,,vt. 像，类似于,,,CET6-Lesson5
877,5,spacecraft,,n.航天器； 宇宙飞船,,,CET6-Lesson5
878,5,shuttle,,n. 航天飞机；梭子 vi. 穿梭般来回 vt. （短程）穿梭运送,,,CET6-Lesson5
879,5,rotate,,v. （使）旋转；（使）轮流,,,CET6-Lesson5
880,5,attraction,,n. 吸引力；具有吸引力的人（或事物),,,CET6-Lesson5
881,5,conduct,,vt. 管理，指挥，传导；（oneself）（行为）表现；n. 举止,,,CET6-Lesson5
882,5,entertainment,,n. 娱乐，文娱节目，表演会； 招待，款待，请客,,,CET6-Lesson5
883,5,convenience,,n. 方便，便利设施,,,CET6-Lesson5
884,5,function,,n. 功能；职能；函数 vi. 运行,,,CET6-Lesson5
885,5,structure,,n./vt.结构，构造，建筑物,,,CET6-Lesson5
886,5,facility,,n. （pl.）设备；便利,,,CET6-Lesson5
887,5,exotic,,a. 奇异的，外（国）来的；异国情调的,,,CET6-Lesson5
888,5,retreat,,vi. 退却，撤退；规避，退缩 n. 退却，撤退；隐退处,,,CET6-Lesson5
889,5,folk,,n. （pl.）亲属，父母；人们；[pl.]大伙儿，各位 a. 民间的,,,CET6-Lesson5
890,5,orbit,,n. 轨道 v. （绕…）做轨道运行,,,CET6-Lesson5
891,5,joint,,a. 连接的；共同的 n. 关节，接头,,,CET6-Lesson5
892,5,association,,n. 协会；交往；联合,,,CET6-Lesson5
893,5,tremendous,,a. 巨大的，精彩的,,,CET6-Lesson5
894,5,frequency,,n. 次数；频繁,,,CET6-Lesson5
895,5,recommend,,vt. 推荐；劝告，建议；使成为可取,,,CET6-Lesson5
896,5,available,,a. （现成）可使用的，可得到的,,,CET6-Lesson5
897,5,satisfied,,a. 满意的，满足的,,,CET6-Lesson5
898,5,tenant,,n. 房客，佃户,,,CET6-Lesson5
899,5,diagnose,,vt. 诊断，判断,,,CET6-Lesson5
900,5,symptom,,n. 症状；征候，征兆,,,CET6-Lesson5
901,5,sneak,,vi.偷偷地走； 溜 vt. 偷偷地做,,,CET6-Lesson5
902,5,nurture,,vt./n. 养育，培育，滋养,,,CET6-Lesson5
903,5,trim,,vt. 修剪；削减；装饰 a. 苗条的，修长的；整齐的，整洁的 n. 修剪,,,CET6-Lesson5
904,5,haul,,vt. （用力）拖，拉；（用车等）拖运，运送 n. 拖，拉；一次获得（或偷得等）的数量,,,CET6-Lesson5
905,5,garbage,,n. 垃圾，废物；废话；无用（或不正确）的资料,,,CET6-Lesson5
906,5,drag,,vt. 拖，拉；迫使，硬拉 vi. 拖着脚步走；拖延 n. 累赘；一吸，一抽，一饮,,,CET6-Lesson5
907,5,curb,,vt. 控制 n. 控制，约束；路缘,,,CET6-Lesson5
908,5,property,,n. 财产；房产；性质,,,CET6-Lesson5
909,5,sue,,vi. 控告；（for）要求 vt. 控告,,,CET6-Lesson5
910,5,compensation,,n. 补偿（或赔偿）的款物；补偿，赔偿,,,CET6-Lesson5
911,5,concession,,n. 让步，妥协；特许，特许权；承认,,,CET6-Lesson5
912,5,intimidate,,vt. 恐吓，威胁,,,CET6-Lesson5
913,5,tragic,,a. 悲惨的；悲剧（性）的,,,CET6-Lesson5
914,5,aviation,,n. 航空，航空学；飞机制造业,,,CET6-Lesson5
915,5,transmission,,n. 播送；传送，传染,,,CET6-Lesson5
916,5,distort,,vt. 歪曲；扭曲；曲解 vi. 变形,,,CET6-Lesson5
917,5,accent,,n. 口音；重音 vt. 重读,,,CET6-Lesson5
918,5,vital,,a. 生死攸关的；有生命的；极其重要的；充满生机的,,,CET6-Lesson5
919,5,descend,,vi. 下来；（from）起源（于）； （on）袭击；（to）把身份降至 vt. 走下,,,CET6-Lesson5
920,5,confirm,,vt. 证实；确认；批准,,,CET6-Lesson5
921,5,altitude,,n. 高度；（pl.）高处,,,CET6-Lesson5
922,5,communicate,,vi. 交流，交际，通讯；连接，相通 vt. 传达，传播；传染,,,CET6-Lesson5
923,5,accurate,,a. 正确无误的，精确的，准确的,,,CET6-Lesson5
924,5,utmost,,a. 极度的，最大的 n. 极限,,,CET6-Lesson5
925,5,publication,,n. 出版；出版物；发表,,,CET6-Lesson5
926,5,critic,,n. 批评家，评论家,,,CET6-Lesson5
927,5,discipline,,n. 纪律；训练；惩罚；学科 vt. 训练，训导；惩罚,,,CET6-Lesson5
928,5,expel,,vt. 把…开除；驱逐；排出,,,CET6-Lesson5
929,5,grieve,,"vi. （for, over）感到悲痛，伤心 vt. 使伤心，为…而伤心",,,CET6-Lesson5
930,5,suicide,,n. 自杀；自取灭亡,,,CET6-Lesson5
931,5,literacy,,n. 识字，有文化，读写能力,,,CET6-Lesson5
932,5,alphabet,,n. 字母表,,,CET6-Lesson5
933,5,represent,,vt. 作为…的代表（或代理）； 表示，象征；描绘，表现,,,CET6-Lesson5
934,5,combine,,v. 结合，联合，化合,,,CET6-Lesson5
935,5,weed,,n. 杂草，野草 v. 除草,,,CET6-Lesson5
936,5,fertilizer,,n. 肥料,,,CET6-Lesson5
937,5,shortage,,n. 不足，缺少,,,CET6-Lesson5
938,5,dependent,,"a. （on, upon）依靠的，依赖的；取决于…的",,,CET6-Lesson5
939,5,bloom,,n. 花；开花（期）；青春焕发（的时期） vi. 开花,,,CET6-Lesson5
940,5,accelerate,,v. （使）加快,,,CET6-Lesson5
941,5,wisdom,,n. 明智；智慧,,,CET6-Lesson5
942,5,acquisition,,n. 取得；获得物,,,CET6-Lesson5
943,5,insight,,n. 洞察力，洞悉,,,CET6-Lesson5
944,5,cognitive,,a. 认知的，认识能力的,,,CET6-Lesson5
945,5,distress,,n. 痛苦，贫苦，危难vt. 使痛苦,,,CET6-Lesson5
946,5,bless,,vt. （with）使有幸得到；为…祈神赐福（或保佑）,,,CET6-Lesson5
947,5,agony,,n. （极度的）痛苦，创痛,,,CET6-Lesson5
948,5,stuff,,n. 原料，材料 vt. 填进，塞满；让…吃饱,,,CET6-Lesson5
